word	nodeType	unit
certain	ADJ	grimm
beautiful	ADJ	grimm
golden	ADJ	grimm
ripe	ADJ	grimm
angry	ADJ	grimm
eld	ADJ	grimm
asleep	ADJ	grimm
second	ADJ	grimm
asleep	ADJ	grimm
third	ADJ	grimm
last	ADJ	grimm
young	ADJ	grimm
pure	ADJ	grimm
golden	ADJ	grimm
golden	ADJ	grimm
worth	ADJ	grimm
more	ADJ	grimm
whole	ADJ	grimm
eld	ADJ	grimm
golden	ADJ	grimm
little	ADJ	grimm
ready	ADJ	grimm
good	ADJ	grimm
golden	ADJ	grimm
opposite	ADJ	grimm
other	ADJ	grimm
pleasant	ADJ	grimm
beautiful	ADJ	grimm
other	ADJ	grimm
poor	ADJ	grimm
mean	ADJ	grimm
other	ADJ	grimm
dirty	ADJ	grimm
poor	ADJ	grimm
silly	ADJ	grimm
shabby	ADJ	grimm
charming	ADJ	grimm
smart	ADJ	grimm
eld	ADJ	grimm
second	ADJ	grimm
same	ADJ	grimm
good	ADJ	grimm
eld	ADJ	grimm
same	ADJ	grimm
young	ADJ	grimm
wide	ADJ	grimm
golden	ADJ	grimm
long	ADJ	grimm
fond	ADJ	grimm
afraid	ADJ	grimm
ill	ADJ	grimm
same	ADJ	grimm
good	ADJ	grimm
thankful	ADJ	grimm
quick	ADJ	grimm
shabby	ADJ	grimm
whole	ADJ	grimm
asleep	ADJ	grimm
golden	ADJ	grimm
wooden	ADJ	grimm
close	ADJ	grimm
beautiful	ADJ	grimm
golden	ADJ	grimm
shabby	ADJ	grimm
handsome	ADJ	grimm
young	ADJ	grimm
wooden	ADJ	grimm
golden	ADJ	grimm
golden	ADJ	grimm
droll	ADJ	grimm
fine	ADJ	grimm
shabby	ADJ	grimm
golden	ADJ	grimm
loud	ADJ	grimm
next	ADJ	grimm
golden	ADJ	grimm
golden	ADJ	grimm
own	ADJ	grimm
great	ADJ	grimm
sudden	ADJ	grimm
golden	ADJ	grimm
sure	ADJ	grimm
old	ADJ	grimm
leathern	ADJ	grimm
golden	ADJ	grimm
close	ADJ	grimm
golden	ADJ	grimm
great	ADJ	grimm
leathern	ADJ	grimm
good	ADJ	grimm
sure	ADJ	grimm
golden	ADJ	grimm
beautiful	ADJ	grimm
own	ADJ	grimm
sorrowful	ADJ	grimm
old	ADJ	grimm
young	ADJ	grimm
many	ADJ	grimm
more	ADJ	grimm
big	ADJ	grimm
whole	ADJ	grimm
little	ADJ	grimm
young	ADJ	grimm
young	ADJ	grimm
great	ADJ	grimm
beautiful	ADJ	grimm
joyful	ADJ	grimm
golden	ADJ	grimm
right	ADJ	grimm
true	ADJ	grimm
golden	ADJ	grimm
great	ADJ	grimm
young	ADJ	grimm
good	ADJ	grimm
young	ADJ	grimm
hard	ADJ	grimm
great	ADJ	grimm
cool	ADJ	grimm
pleasant	ADJ	grimm
great	ADJ	grimm
young	ADJ	grimm
dry	ADJ	grimm
steep	ADJ	grimm
old	ADJ	grimm
more	ADJ	grimm
poor	ADJ	grimm
heir	ADJ	grimm
long	ADJ	grimm
old	ADJ	grimm
last	ADJ	grimm
many	ADJ	grimm
many	ADJ	grimm
good	ADJ	grimm
much	ADJ	grimm
poor	ADJ	grimm
much	ADJ	grimm
lucky	ADJ	grimm
neighbour	ADJ	grimm
long	ADJ	grimm
poor	ADJ	grimm
more	ADJ	grimm
faithful	ADJ	grimm
good	ADJ	grimm
handsome	ADJ	grimm
big	ADJ	grimm
fine	ADJ	grimm
easy	ADJ	grimm
happy	ADJ	grimm
sure	ADJ	grimm
heavy	ADJ	grimm
great	ADJ	grimm
heavy	ADJ	grimm
kind	ADJ	grimm
weary	ADJ	grimm
other	ADJ	grimm
delighted	ADJ	grimm
merry	ADJ	grimm
merry	ADJ	grimm
little	ADJ	grimm
full	ADJ	grimm
great	ADJ	grimm
smart	ADJ	grimm
good	ADJ	grimm
good	ADJ	grimm
fond	ADJ	grimm
noble	ADJ	grimm
good	ADJ	grimm
good	ADJ	grimm
lucky	ADJ	grimm
able	ADJ	grimm
thirsty	ADJ	grimm
more	ADJ	grimm
last	ADJ	grimm
great	ADJ	grimm
wide	ADJ	grimm
more	ADJ	grimm
hot	ADJ	grimm
parched	ADJ	grimm
leathern	ADJ	grimm
dry	ADJ	grimm
uneasy	ADJ	grimm
troublesome	ADJ	grimm
last	ADJ	grimm
long	ADJ	grimm
senseless	ADJ	grimm
dry	ADJ	grimm
dry	ADJ	grimm
old	ADJ	grimm
good	ADJ	grimm
dry	ADJ	grimm
good	ADJ	grimm
tender	ADJ	grimm
fat	ADJ	grimm
neighbourly	ADJ	grimm
fine	ADJ	grimm
fat	ADJ	grimm
sure	ADJ	grimm
last	ADJ	grimm
next	ADJ	grimm
fine	ADJ	grimm
white	ADJ	grimm
further	ADJ	grimm
many	ADJ	grimm
good	ADJ	grimm
heavy	ADJ	grimm
old	ADJ	grimm
right	ADJ	grimm
worthy	ADJ	grimm
good	ADJ	grimm
kind	ADJ	grimm
afraid	ADJ	grimm
bad	ADJ	grimm
least	ADJ	grimm
frightened	ADJ	grimm
good	ADJ	grimm
fat	ADJ	grimm
hard	ADJ	grimm
free	ADJ	grimm
good	ADJ	grimm
good	ADJ	grimm
beautiful	ADJ	grimm
white	ADJ	grimm
sure	ADJ	grimm
happy	ADJ	grimm
fine	ADJ	grimm
fat	ADJ	grimm
next	ADJ	grimm
happy	ADJ	grimm
merry	ADJ	grimm
last	ADJ	grimm
happy	ADJ	grimm
other	ADJ	grimm
golden	ADJ	grimm
good	ADJ	grimm
beautiful	ADJ	grimm
big	ADJ	grimm
long	ADJ	grimm
true	ADJ	grimm
other	ADJ	grimm
little	ADJ	grimm
bad	ADJ	grimm
more	ADJ	grimm
happy	ADJ	grimm
more	ADJ	grimm
common	ADJ	grimm
rough	ADJ	grimm
most	ADJ	grimm
old	ADJ	grimm
light	ADJ	grimm
lucky	ADJ	grimm
kind	ADJ	grimm
rich	ADJ	grimm
good	ADJ	grimm
tired	ADJ	grimm
hungry	ADJ	grimm
last	ADJ	grimm
little	ADJ	grimm
plump	ADJ	grimm
deep	ADJ	grimm
clear	ADJ	grimm
only	ADJ	grimm
ugly	ADJ	grimm
heavy	ADJ	grimm
happy	ADJ	grimm
lucky	ADJ	grimm
light	ADJ	grimm
free	ADJ	grimm
easy	ADJ	grimm
good	ADJ	grimm
old	ADJ	grimm
deep	ADJ	grimm
gloomy	ADJ	grimm
old	ADJ	grimm
old	ADJ	grimm
young	ADJ	grimm
free	ADJ	grimm
pretty	ADJ	grimm
beautiful	ADJ	grimm
pretty	ADJ	grimm
pretty	ADJ	grimm
fond	ADJ	grimm
alone	ADJ	grimm
beautiful	ADJ	grimm
last	ADJ	grimm
bright	ADJ	grimm
long	ADJ	grimm
tall	ADJ	grimm
sad	ADJ	grimm
long	ADJ	grimm
sudden	ADJ	grimm
old	ADJ	grimm
pale	ADJ	grimm
mournful	ADJ	grimm
fiery	ADJ	grimm
gloomy	ADJ	grimm
old	ADJ	grimm
pale	ADJ	grimm
meagre	ADJ	grimm
last	ADJ	grimm
hoarse	ADJ	grimm
fast	ADJ	grimm
sudden	ADJ	grimm
free	ADJ	grimm
dear	ADJ	grimm
own	ADJ	grimm
strange	ADJ	grimm
many	ADJ	grimm
vain	ADJ	grimm
beautiful	ADJ	grimm
purple	ADJ	grimm
costly	ADJ	grimm
pretty	ADJ	grimm
long	ADJ	grimm
ninth	ADJ	grimm
beautiful	ADJ	grimm
purple	ADJ	grimm
large	ADJ	grimm
big	ADJ	grimm
costly	ADJ	grimm
close	ADJ	grimm
glad	ADJ	grimm
open	ADJ	grimm
many	ADJ	grimm
angry	ADJ	grimm
many	ADJ	grimm
many	ADJ	grimm
good	ADJ	grimm
beautiful	ADJ	grimm
beautiful	ADJ	grimm
other	ADJ	grimm
old	ADJ	grimm
many	ADJ	grimm
good	ADJ	grimm
many	ADJ	grimm
other	ADJ	grimm
old	ADJ	grimm
honest	ADJ	grimm
faithful	ADJ	grimm
great	ADJ	grimm
many	ADJ	grimm
old	ADJ	grimm
more	ADJ	grimm
unfit	ADJ	grimm
tired	ADJ	grimm
great	ADJ	grimm
little	ADJ	grimm
panting	ADJ	grimm
tired	ADJ	grimm
old	ADJ	grimm
weak	ADJ	grimm
useful	ADJ	grimm
great	ADJ	grimm
same	ADJ	grimm
willing	ADJ	grimm
rueful	ADJ	grimm
good	ADJ	grimm
good	ADJ	grimm
old	ADJ	grimm
lucky	ADJ	grimm
great	ADJ	grimm
good	ADJ	grimm
pleased	ADJ	grimm
main	ADJ	grimm
famous	ADJ	grimm
fine	ADJ	grimm
well	ADJ	grimm
great	ADJ	grimm
first	ADJ	grimm
great	ADJ	grimm
high	ADJ	grimm
safe	ADJ	grimm
very	ADJ	grimm
bright	ADJ	grimm
great	ADJ	grimm
good	ADJ	grimm
bad	ADJ	grimm
large	ADJ	grimm
bright	ADJ	grimm
last	ADJ	grimm
tall	ADJ	grimm
good	ADJ	grimm
merry	ADJ	grimm
noble	ADJ	grimm
last	ADJ	grimm
upright	ADJ	grimm
ready	ADJ	grimm
broken	ADJ	grimm
hideous	ADJ	grimm
little	ADJ	grimm
frightened	ADJ	grimm
frightful	ADJ	grimm
clear	ADJ	grimm
much	ADJ	grimm
own	ADJ	grimm
warm	ADJ	grimm
tired	ADJ	grimm
asleep	ADJ	grimm
quiet	ADJ	grimm
great	ADJ	grimm
bold	ADJ	grimm
glittering	ADJ	grimm
fiery	ADJ	grimm
live	ADJ	grimm
back	ADJ	grimm
horrid	ADJ	grimm
long	ADJ	grimm
bony	ADJ	grimm
black	ADJ	grimm
pleased	ADJ	grimm
very	ADJ	grimm
old	ADJ	grimm
faithful	ADJ	grimm
old	ADJ	grimm
old	ADJ	grimm
poor	ADJ	grimm
faithful	ADJ	grimm
great	ADJ	grimm
many	ADJ	grimm
sure	ADJ	grimm
last	ADJ	grimm
frightened	ADJ	grimm
last	ADJ	grimm
good	ADJ	grimm
easy	ADJ	grimm
good	ADJ	grimm
little	ADJ	grimm
thankful	ADJ	grimm
little	ADJ	grimm
poor	ADJ	grimm
little	ADJ	grimm
good	ADJ	grimm
old	ADJ	grimm
good	ADJ	grimm
other	ADJ	grimm
old	ADJ	grimm
fine	ADJ	grimm
fat	ADJ	grimm
true	ADJ	grimm
dainty	ADJ	grimm
busy	ADJ	grimm
good	ADJ	grimm
fat	ADJ	grimm
stout	ADJ	grimm
angry	ADJ	grimm
old	ADJ	grimm
next	ADJ	grimm
second	ADJ	grimm
old	ADJ	grimm
legged	ADJ	grimm
poor	ADJ	grimm
wild	ADJ	grimm
long	ADJ	grimm
little	ADJ	grimm
cowardly	ADJ	grimm
ashamed	ADJ	grimm
good	ADJ	grimm
old	ADJ	grimm
poor	ADJ	grimm
old	ADJ	grimm
dear	ADJ	grimm
sheer	ADJ	grimm
whole	ADJ	grimm
old	ADJ	grimm
well	ADJ	grimm
old	ADJ	grimm
good	ADJ	grimm
new	ADJ	grimm
foreign	ADJ	grimm
little	ADJ	grimm
good	ADJ	grimm
other	ADJ	grimm
impetuous	ADJ	grimm
afraid	ADJ	grimm
last	ADJ	grimm
unable	ADJ	grimm
good	ADJ	grimm
compassionate	ADJ	grimm
black	ADJ	grimm
black	ADJ	grimm
great	ADJ	grimm
fine	ADJ	grimm
good	ADJ	grimm
many	ADJ	grimm
poor	ADJ	grimm
little	ADJ	grimm
dead	ADJ	grimm
little	ADJ	grimm
little	ADJ	grimm
little	ADJ	grimm
beautiful	ADJ	grimm
great	ADJ	grimm
merry	ADJ	grimm
kind	ADJ	grimm
good	ADJ	grimm
little	ADJ	grimm
golden	ADJ	grimm
twelve	ADJ	grimm
high	ADJ	grimm
red	ADJ	grimm
red	ADJ	grimm
high	ADJ	grimm
long	ADJ	grimm
white	ADJ	grimm
good	ADJ	grimm
little	ADJ	grimm
good	ADJ	grimm
great	ADJ	grimm
thirteenth	ADJ	grimm
black	ADJ	grimm
black	ADJ	grimm
angry	ADJ	grimm
fifteenth	ADJ	grimm
dead	ADJ	grimm
friendly	ADJ	grimm
evil	ADJ	grimm
asleep	ADJ	grimm
dear	ADJ	grimm
first	ADJ	grimm
beautiful	ADJ	grimm
good	ADJ	grimm
wise	ADJ	grimm
very	ADJ	grimm
old	ADJ	grimm
alone	ADJ	grimm
old	ADJ	grimm
narrow	ADJ	grimm
little	ADJ	grimm
golden	ADJ	grimm
open	ADJ	grimm
old	ADJ	grimm
good	ADJ	grimm
old	ADJ	grimm
buzz	ADJ	grimm
little	ADJ	grimm
round	ADJ	grimm
lifeless	ADJ	grimm
dead	ADJ	grimm
deep	ADJ	grimm
asleep	ADJ	grimm
very	ADJ	grimm
asleep	ADJ	grimm
asleep	ADJ	grimm
large	ADJ	grimm
high	ADJ	grimm
thick	ADJ	grimm
last	ADJ	grimm
old	ADJ	grimm
hidden	ADJ	grimm
beautiful	ADJ	grimm
several	ADJ	grimm
many	ADJ	grimm
many	ADJ	grimm
old	ADJ	grimm
beautiful	ADJ	grimm
wonderful	ADJ	grimm
asleep	ADJ	grimm
many	ADJ	grimm
many	ADJ	grimm
young	ADJ	grimm
old	ADJ	grimm
bent	ADJ	grimm
very	ADJ	grimm
beautiful	ADJ	grimm
thick	ADJ	grimm
last	ADJ	grimm
asleep	ADJ	grimm
asleep	ADJ	grimm
ready	ADJ	grimm
old	ADJ	grimm
little	ADJ	grimm
asleep	ADJ	grimm
beautiful	ADJ	grimm
other	ADJ	grimm
great	ADJ	grimm
great	ADJ	grimm
sad	ADJ	grimm
sorrowful	ADJ	grimm
sad	ADJ	grimm
hungry	ADJ	grimm
next	ADJ	grimm
little	ADJ	grimm
more	ADJ	grimm
next	ADJ	grimm
good	ADJ	grimm
more	ADJ	grimm
more	ADJ	grimm
little	ADJ	grimm
high	ADJ	grimm
warm	ADJ	grimm
tired	ADJ	grimm
asleep	ADJ	grimm
bad	ADJ	grimm
bad	ADJ	grimm
poor	ADJ	grimm
cruel	ADJ	grimm
worth	ADJ	grimm
bad	ADJ	grimm
dripping	ADJ	grimm
empty	ADJ	grimm
unlucky	ADJ	grimm
poor	ADJ	grimm
such	ADJ	grimm
dead	ADJ	grimm
unlucky	ADJ	grimm
other	ADJ	grimm
second	ADJ	grimm
miserable	ADJ	grimm
second	ADJ	grimm
second	ADJ	grimm
unlucky	ADJ	grimm
third	ADJ	grimm
mad	ADJ	grimm
third	ADJ	grimm
other	ADJ	grimm
miserable	ADJ	grimm
own	ADJ	grimm
last	ADJ	grimm
ill	ADJ	grimm
dead	ADJ	grimm
wicked	ADJ	grimm
sure	ADJ	grimm
such	ADJ	grimm
unlucky	ADJ	grimm
sorry	ADJ	grimm
mad	ADJ	grimm
blind	ADJ	grimm
such	ADJ	grimm
furious	ADJ	grimm
last	ADJ	grimm
cruel	ADJ	grimm
dead	ADJ	grimm
beautiful	ADJ	grimm
known	ADJ	grimm
secret	ADJ	grimm
good	ADJ	grimm
open	ADJ	grimm
asleep	ADJ	grimm
full	ADJ	grimm
same	ADJ	grimm
second	ADJ	grimm
third	ADJ	grimm
several	ADJ	grimm
same	ADJ	grimm
same	ADJ	grimm
old	ADJ	grimm
old	ADJ	grimm
old	ADJ	grimm
hard	ADJ	grimm
asleep	ADJ	grimm
invisible	ADJ	grimm
able	ADJ	grimm
good	ADJ	grimm
willing	ADJ	grimm
fine	ADJ	grimm
royal	ADJ	grimm
outer	ADJ	grimm
eld	ADJ	grimm
little	ADJ	grimm
loud	ADJ	grimm
asleep	ADJ	grimm
eld	ADJ	grimm
wise	ADJ	grimm
fine	ADJ	grimm
eager	ADJ	grimm
young	ADJ	grimm
happy	ADJ	grimm
uneasy	ADJ	grimm
sure	ADJ	grimm
eld	ADJ	grimm
afraid	ADJ	grimm
many	ADJ	grimm
vain	ADJ	grimm
ready	ADJ	grimm
safe	ADJ	grimm
eld	ADJ	grimm
own	ADJ	grimm
open	ADJ	grimm
eld	ADJ	grimm
old	ADJ	grimm
young	ADJ	grimm
right	ADJ	grimm
silly	ADJ	grimm
eld	ADJ	grimm
delightful	ADJ	grimm
little	ADJ	grimm
loud	ADJ	grimm
young	ADJ	grimm
sure	ADJ	grimm
right	ADJ	grimm
eld	ADJ	grimm
third	ADJ	grimm
glittering	ADJ	grimm
loud	ADJ	grimm
young	ADJ	grimm
eld	ADJ	grimm
great	ADJ	grimm
little	ADJ	grimm
handsome	ADJ	grimm
same	ADJ	grimm
young	ADJ	grimm
young	ADJ	grimm
usual	ADJ	grimm
tired	ADJ	grimm
heavy	ADJ	grimm
warm	ADJ	grimm
other	ADJ	grimm
fine	ADJ	grimm
illuminated	ADJ	grimm
merry	ADJ	grimm
invisible	ADJ	grimm
empty	ADJ	grimm
young	ADJ	grimm
frightened	ADJ	grimm
eld	ADJ	grimm
eld	ADJ	grimm
opposite	ADJ	grimm
other	ADJ	grimm
next	ADJ	grimm
tired	ADJ	grimm
safe	ADJ	grimm
fine	ADJ	grimm
more	ADJ	grimm
strange	ADJ	grimm
second	ADJ	grimm
third	ADJ	grimm
third	ADJ	grimm
golden	ADJ	grimm
golden	ADJ	grimm
true	ADJ	grimm
young	ADJ	grimm
eld	ADJ	grimm
very	ADJ	grimm
close	ADJ	grimm
sparkling	ADJ	grimm
sudden	ADJ	grimm
great	ADJ	grimm
real	ADJ	grimm
enchanted	ADJ	grimm
many	ADJ	grimm
long	ADJ	grimm
great	ADJ	grimm
enchanted	ADJ	grimm
nasty	ADJ	grimm
dirty	ADJ	grimm
snug	ADJ	grimm
little	ADJ	grimm
yellow	ADJ	grimm
green	ADJ	grimm
own	ADJ	grimm
snug	ADJ	grimm
little	ADJ	grimm
nice	ADJ	grimm
little	ADJ	grimm
well	ADJ	grimm
filthy	ADJ	grimm
little	ADJ	grimm
full	ADJ	grimm
least	ADJ	grimm
great	ADJ	grimm
small	ADJ	grimm
large	ADJ	grimm
angry	ADJ	grimm
easy	ADJ	grimm
pretty	ADJ	grimm
heavy	ADJ	grimm
blue	ADJ	grimm
gloomy	ADJ	grimm
calm	ADJ	grimm
own	ADJ	grimm
great	ADJ	grimm
great	ADJ	grimm
many	ADJ	grimm
full	ADJ	grimm
golden	ADJ	grimm
long	ADJ	grimm
full	ADJ	grimm
cheerful	ADJ	grimm
happy	ADJ	grimm
beautiful	ADJ	grimm
next	ADJ	grimm
broad	ADJ	grimm
more	ADJ	grimm
sorrowful	ADJ	grimm
dark	ADJ	grimm
grey	ADJ	grimm
overspread	ADJ	grimm
own	ADJ	grimm
poor	ADJ	grimm
golden	ADJ	grimm
fair	ADJ	grimm
tall	ADJ	grimm
other	ADJ	grimm
long	ADJ	grimm
fine	ADJ	grimm
more	ADJ	grimm
long	ADJ	grimm
true	ADJ	grimm
tired	ADJ	grimm
sure	ADJ	grimm
good	ADJ	grimm
much	ADJ	grimm
tired	ADJ	grimm
last	ADJ	grimm
sorry	ADJ	grimm
black	ADJ	grimm
muddy	ADJ	grimm
mighty	ADJ	grimm
own	ADJ	grimm
lofty	ADJ	grimm
solid	ADJ	grimm
great	ADJ	grimm
full	ADJ	grimm
high	ADJ	grimm
small	ADJ	grimm
other	ADJ	grimm
tall	ADJ	grimm
little	ADJ	grimm
big	ADJ	grimm
fine	ADJ	grimm
very	ADJ	grimm
little	ADJ	grimm
blue	ADJ	grimm
red	ADJ	grimm
dreadful	ADJ	grimm
frightened	ADJ	grimm
own	ADJ	grimm
high	ADJ	grimm
great	ADJ	grimm
great	ADJ	grimm
large	ADJ	grimm
high	ADJ	grimm
big	ADJ	grimm
least	ADJ	grimm
large	ADJ	grimm
small	ADJ	grimm
grand	ADJ	grimm
easy	ADJ	grimm
great	ADJ	grimm
next	ADJ	grimm
last	ADJ	grimm
asleep	ADJ	grimm
angry	ADJ	grimm
asleep	ADJ	grimm
easy	ADJ	grimm
uneasy	ADJ	grimm
dreadful	ADJ	grimm
very	ADJ	grimm
black	ADJ	grimm
stormy	ADJ	grimm
great	ADJ	grimm
black	ADJ	grimm
own	ADJ	grimm
very	ADJ	grimm
royal	ADJ	grimm
young	ADJ	grimm
royal	ADJ	grimm
short	ADJ	grimm
young	ADJ	grimm
royal	ADJ	grimm
wretched	ADJ	grimm
disreputable	ADJ	grimm
young	ADJ	grimm
angry	ADJ	grimm
honest	ADJ	grimm
uneasy	ADJ	grimm
young	ADJ	grimm
respectable	ADJ	grimm
old	ADJ	grimm
easy	ADJ	grimm
bloody	ADJ	grimm
footed	ADJ	grimm
other	ADJ	grimm
large	ADJ	grimm
small	ADJ	grimm
crafty	ADJ	grimm
general	ADJ	grimm
good	ADJ	grimm
fine	ADJ	grimm
long	ADJ	grimm
bushy	ADJ	grimm
red	ADJ	grimm
high	ADJ	grimm
minute	ADJ	grimm
footed	ADJ	grimm
uneasy	ADJ	grimm
afraid	ADJ	grimm
other	ADJ	grimm
first	ADJ	grimm
second	ADJ	grimm
third	ADJ	grimm
young	ADJ	grimm
honourable	ADJ	grimm
great	ADJ	grimm
last	ADJ	grimm
young	ADJ	grimm
satisfied	ADJ	grimm
merry	ADJ	grimm
fine	ADJ	grimm
young	ADJ	grimm
cool	ADJ	grimm
golden	ADJ	grimm
favourite	ADJ	grimm
high	ADJ	grimm
deep	ADJ	grimm
fine	ADJ	grimm
nasty	ADJ	grimm
golden	ADJ	grimm
fine	ADJ	grimm
golden	ADJ	grimm
silly	ADJ	grimm
able	ADJ	grimm
little	ADJ	grimm
young	ADJ	grimm
overjoyed	ADJ	grimm
next	ADJ	grimm
strange	ADJ	grimm
gentle	ADJ	grimm
little	ADJ	grimm
true	ADJ	grimm
cool	ADJ	grimm
frightened	ADJ	grimm
nasty	ADJ	grimm
true	ADJ	grimm
cool	ADJ	grimm
young	ADJ	grimm
tired	ADJ	grimm
unwilling	ADJ	grimm
own	ADJ	grimm
light	ADJ	grimm
mistaken	ADJ	grimm
same	ADJ	grimm
more	ADJ	grimm
true	ADJ	grimm
cool	ADJ	grimm
third	ADJ	grimm
same	ADJ	grimm
following	ADJ	grimm
handsome	ADJ	grimm
beautiful	ADJ	grimm
spiteful	ADJ	grimm
cruel	ADJ	grimm
young	ADJ	grimm
sure	ADJ	grimm
gay	ADJ	grimm
beautiful	ADJ	grimm
golden	ADJ	grimm
faithful	ADJ	grimm
dear	ADJ	grimm
long	ADJ	grimm
nigh	ADJ	grimm
full	ADJ	grimm
great	ADJ	grimm
many	ADJ	grimm
certain	ADJ	grimm
great	ADJ	grimm
little	ADJ	grimm
good	ADJ	grimm
much	ADJ	grimm
great	ADJ	grimm
little	ADJ	grimm
little	ADJ	grimm
white	ADJ	grimm
brown	ADJ	grimm
good	ADJ	grimm
sweet	ADJ	grimm
untrue	ADJ	grimm
fat	ADJ	grimm
fat	ADJ	grimm
merry	ADJ	grimm
top	ADJ	grimm
odd	ADJ	grimm
uncommon	ADJ	grimm
usual	ADJ	grimm
bad	ADJ	grimm
more	ADJ	grimm
white	ADJ	grimm
good	ADJ	grimm
fat	ADJ	grimm
good	ADJ	grimm
satisfied	ADJ	grimm
licking	ADJ	grimm
good	ADJ	grimm
black	ADJ	grimm
white	ADJ	grimm
single	ADJ	grimm
white	ADJ	grimm
whole	ADJ	grimm
few	ADJ	grimm
such	ADJ	grimm
odd	ADJ	grimm
thoughtful	ADJ	grimm
dark	ADJ	grimm
grey	ADJ	grimm
long	ADJ	grimm
mousecleaned	ADJ	grimm
greedy	ADJ	grimm
filled	ADJ	grimm
third	ADJ	grimm
more	ADJ	grimm
suspicious	ADJ	grimm
dainty	ADJ	grimm
empty	ADJ	grimm
true	ADJ	grimm
more	ADJ	grimm
poor	ADJ	grimm
great	ADJ	grimm
only	ADJ	grimm
beautiful	ADJ	grimm
kind	ADJ	grimm
good	ADJ	grimm
fond	ADJ	grimm
great	ADJ	grimm
ready	ADJ	grimm
great	ADJ	grimm
many	ADJ	grimm
costly	ADJ	grimm
fine	ADJ	grimm
short	ADJ	grimm
royal	ADJ	grimm
little	ADJ	grimm
dear	ADJ	grimm
sorrowful	ADJ	grimm
thirsty	ADJ	grimm
golden	ADJ	grimm
thirsty	ADJ	grimm
thirsty	ADJ	grimm
little	ADJ	grimm
frightened	ADJ	grimm
golden	ADJ	grimm
gentle	ADJ	grimm
meek	ADJ	grimm
ill	ADJ	grimm
warm	ADJ	grimm
scorching	ADJ	grimm
thirsty	ADJ	grimm
rude	ADJ	grimm
golden	ADJ	grimm
thirsty	ADJ	grimm
frightened	ADJ	grimm
glad	ADJ	grimm
poor	ADJ	grimm
royal	ADJ	grimm
shabby	ADJ	grimm
last	ADJ	grimm
treacherous	ADJ	grimm
real	ADJ	grimm
other	ADJ	grimm
royal	ADJ	grimm
great	ADJ	grimm
true	ADJ	grimm
old	ADJ	grimm
pretty	ADJ	grimm
delicate	ADJ	grimm
idle	ADJ	grimm
old	ADJ	grimm
real	ADJ	grimm
false	ADJ	grimm
dear	ADJ	grimm
unruly	ADJ	grimm
afraid	ADJ	grimm
other	ADJ	grimm
faithful	ADJ	grimm
true	ADJ	grimm
large	ADJ	grimm
dark	ADJ	grimm
dark	ADJ	grimm
next	ADJ	grimm
pure	ADJ	grimm
strong	ADJ	grimm
safe	ADJ	grimm
angry	ADJ	grimm
sulky	ADJ	grimm
dark	ADJ	grimm
next	ADJ	grimm
poor	ADJ	grimm
great	ADJ	grimm
safe	ADJ	grimm
dark	ADJ	grimm
old	ADJ	grimm
strange	ADJ	grimm
dark	ADJ	grimm
old	ADJ	grimm
next	ADJ	grimm
own	ADJ	grimm
little	ADJ	grimm
old	ADJ	grimm
little	ADJ	grimm
old	ADJ	grimm
lucky	ADJ	grimm
royal	ADJ	grimm
beautiful	ADJ	grimm
false	ADJ	grimm
true	ADJ	grimm
young	ADJ	grimm
meek	ADJ	grimm
false	ADJ	grimm
great	ADJ	grimm
ready	ADJ	grimm
false	ADJ	grimm
true	ADJ	grimm
other	ADJ	grimm
dazzling	ADJ	grimm
little	ADJ	grimm
brilliant	ADJ	grimm
merry	ADJ	grimm
old	ADJ	grimm
true	ADJ	grimm
false	ADJ	grimm
sharp	ADJ	grimm
white	ADJ	grimm
dead	ADJ	grimm
old	ADJ	grimm
young	ADJ	grimm
true	ADJ	grimm
good	ADJ	grimm
faithful	ADJ	grimm
nuts	ADJ	grimm
ripe	ADJ	grimm
many	ADJ	grimm
lovely	ADJ	grimm
many	ADJ	grimm
lazy	ADJ	grimm
little	ADJ	grimm
good	ADJ	grimm
coachman	ADJ	grimm
sharp	ADJ	grimm
good	ADJ	grimm
little	ADJ	grimm
dark	ADJ	grimm
such	ADJ	grimm
dirty	ADJ	grimm
public	ADJ	grimm
few	ADJ	grimm
kind	ADJ	grimm
thin	ADJ	grimm
likely	ADJ	grimm
much	ADJ	grimm
bad	ADJ	grimm
tired	ADJ	grimm
good	ADJ	grimm
other	ADJ	grimm
unwilling	ADJ	grimm
full	ADJ	grimm
respectable	ADJ	grimm
handsome	ADJ	grimm
light	ADJ	grimm
fast	ADJ	grimm
asleep	ADJ	grimm
easy	ADJ	grimm
other	ADJ	grimm
possible	ADJ	grimm
open	ADJ	grimm
easy	ADJ	grimm
great	ADJ	grimm
great	ADJ	grimm
apish	ADJ	grimm
handsome	ADJ	grimm
red	ADJ	grimm
sure	ADJ	grimm
handsome	ADJ	grimm
dirty	ADJ	grimm
pretty	ADJ	grimm
red	ADJ	grimm
ready	ADJ	grimm
steady	ADJ	grimm
angry	ADJ	grimm
furious	ADJ	grimm
partlet	ADJ	grimm
large	ADJ	grimm
big	ADJ	grimm
great	ADJ	grimm
great	ADJ	grimm
silken	ADJ	grimm
silken	ADJ	grimm
great	ADJ	grimm
silken	ADJ	grimm
silken	ADJ	grimm
great	ADJ	grimm
dead	ADJ	grimm
sorry	ADJ	grimm
poor	ADJ	grimm
little	ADJ	grimm
ready	ADJ	grimm
other	ADJ	grimm
able	ADJ	grimm
rapid	ADJ	grimm
large	ADJ	grimm
big	ADJ	grimm
poor	ADJ	grimm
other	ADJ	grimm
other	ADJ	grimm
heavy	ADJ	grimm
alone	ADJ	grimm
dead	ADJ	grimm
little	ADJ	grimm
dead	ADJ	grimm
vain	ADJ	grimm
about	ADJ	grimm
little	ADJ	grimm
splendid	ADJ	grimm
full	ADJ	grimm
beautiful	ADJ	grimm
high	ADJ	grimm
great	ADJ	grimm
beautiful	ADJ	grimm
fresh	ADJ	grimm
green	ADJ	grimm
pale	ADJ	grimm
miserable	ADJ	grimm
dear	ADJ	grimm
good	ADJ	grimm
good	ADJ	grimm
next	ADJ	grimm
more	ADJ	grimm
afraid	ADJ	grimm
angry	ADJ	grimm
much	ADJ	grimm
beautiful	ADJ	grimm
old	ADJ	grimm
little	ADJ	grimm
magnificent	ADJ	grimm
long	ADJ	grimm
braided	ADJ	grimm
charming	ADJ	grimm
sweet	ADJ	grimm
next	ADJ	grimm
dark	ADJ	grimm
first	ADJ	grimm
frightened	ADJ	grimm
such	ADJ	grimm
young	ADJ	grimm
handsome	ADJ	grimm
old	ADJ	grimm
ready	ADJ	grimm
old	ADJ	grimm
heavy	ADJ	grimm
young	ADJ	grimm
wicked	ADJ	grimm
beautiful	ADJ	grimm
left	ADJ	grimm
lovely	ADJ	grimm
pitiless	ADJ	grimm
poor	ADJ	grimm
great	ADJ	grimm
same	ADJ	grimm
dear	ADJ	grimm
wicked	ADJ	grimm
venomous	ADJ	grimm
beautiful	ADJ	grimm
blind	ADJ	grimm
dear	ADJ	grimm
familiar	ADJ	grimm
clear	ADJ	grimm
long	ADJ	grimm
happy	ADJ	grimm
contented	ADJ	grimm
little	ADJ	grimm
last	ADJ	grimm
high	ADJ	grimm
little	ADJ	grimm
asleep	ADJ	grimm
high	ADJ	grimm
other	ADJ	grimm
other	ADJ	grimm
sad	ADJ	grimm
old	ADJ	grimm
many	ADJ	grimm
old	ADJ	grimm
much	ADJ	grimm
early	ADJ	grimm
next	ADJ	grimm
last	ADJ	grimm
old	ADJ	grimm
many	ADJ	grimm
early	ADJ	grimm
full	ADJ	grimm
alarmed	ADJ	grimm
little	ADJ	grimm
old	ADJ	grimm
second	ADJ	grimm
fundevogel	ADJ	grimm
other	ADJ	grimm
old	ADJ	grimm
about	ADJ	grimm
old	ADJ	grimm
delighted	ADJ	grimm
valiant	ADJ	grimm
little	ADJ	grimm
good	ADJ	grimm
peasant	ADJ	grimm
good	ADJ	grimm
cheap	ADJ	grimm
good	ADJ	grimm
cheap	ADJ	grimm
delicate	ADJ	grimm
dear	ADJ	grimm
heavy	ADJ	grimm
good	ADJ	grimm
dear	ADJ	grimm
good	ADJ	grimm
angry	ADJ	grimm
little	ADJ	grimm
bitter	ADJ	grimm
big	ADJ	grimm
big	ADJ	grimm
sweet	ADJ	grimm
great	ADJ	grimm
little	ADJ	grimm
unbidden	ADJ	grimm
little	ADJ	grimm
last	ADJ	grimm
few	ADJ	grimm
dead	ADJ	grimm
own	ADJ	grimm
whole	ADJ	grimm
little	ADJ	grimm
large	ADJ	grimm
whole	ADJ	grimm
small	ADJ	grimm
old	ADJ	grimm
light	ADJ	grimm
nimble	ADJ	grimm
high	ADJ	grimm
powerful	ADJ	grimm
giant	ADJ	grimm
little	ADJ	grimm
good	ADJ	grimm
miserable	ADJ	grimm
little	ADJ	grimm
giant	ADJ	grimm
little	ADJ	grimm
tiny	ADJ	grimm
soft	ADJ	grimm
little	ADJ	grimm
well	ADJ	grimm
little	ADJ	grimm
high	ADJ	grimm
little	ADJ	grimm
delighted	ADJ	grimm
able	ADJ	grimm
little	ADJ	grimm
mighty	ADJ	grimm
strong	ADJ	grimm
little	ADJ	grimm
heavy	ADJ	grimm
whole	ADJ	grimm
little	ADJ	grimm
merry	ADJ	grimm
happy	ADJ	grimm
heavy	ADJ	grimm
great	ADJ	grimm
ripe	ADJ	grimm
little	ADJ	grimm
weak	ADJ	grimm
weak	ADJ	grimm
little	ADJ	grimm
upper	ADJ	grimm
valiant	ADJ	grimm
little	ADJ	grimm
willing	ADJ	grimm
other	ADJ	grimm
roasted	ADJ	grimm
little	ADJ	grimm
spacious	ADJ	grimm
big	ADJ	grimm
little	ADJ	grimm
little	ADJ	grimm
sound	ADJ	grimm
great	ADJ	grimm
good	ADJ	grimm
early	ADJ	grimm
little	ADJ	grimm
afraid	ADJ	grimm
dead	ADJ	grimm
great	ADJ	grimm
little	ADJ	grimm
own	ADJ	grimm
pointed	ADJ	grimm
long	ADJ	grimm
royal	ADJ	grimm
weary	ADJ	grimm
asleep	ADJ	grimm
great	ADJ	grimm
mighty	ADJ	grimm
weighty	ADJ	grimm
useful	ADJ	grimm
little	ADJ	grimm
military	ADJ	grimm
very	ADJ	grimm
ready	ADJ	grimm
special	ADJ	grimm
little	ADJ	grimm
sorry	ADJ	grimm
faithful	ADJ	grimm
dead	ADJ	grimm
royal	ADJ	grimm
long	ADJ	grimm
last	ADJ	grimm
good	ADJ	grimm
little	ADJ	grimm
great	ADJ	grimm
great	ADJ	grimm
only	ADJ	grimm
fine	ADJ	grimm
little	ADJ	grimm
beautiful	ADJ	grimm
afraid	ADJ	grimm
little	ADJ	grimm
little	ADJ	grimm
idle	ADJ	grimm
long	ADJ	grimm
other	ADJ	grimm
other	ADJ	grimm
first	ADJ	grimm
weary	ADJ	grimm
more	ADJ	grimm
little	ADJ	grimm
big	ADJ	grimm
first	ADJ	grimm
bad	ADJ	grimm
other	ADJ	grimm
same	ADJ	grimm
other	ADJ	grimm
dead	ADJ	grimm
same	ADJ	grimm
little	ADJ	grimm
lucky	ADJ	grimm
nimble	ADJ	grimm
hard	ADJ	grimm
sore	ADJ	grimm
round	ADJ	grimm
little	ADJ	grimm
more	ADJ	grimm
heroic	ADJ	grimm
great	ADJ	grimm
less	ADJ	grimm
long	ADJ	grimm
more	ADJ	grimm
close	ADJ	grimm
enough	ADJ	grimm
ready	ADJ	grimm
third	ADJ	grimm
wild	ADJ	grimm
great	ADJ	grimm
pleased	ADJ	grimm
wild	ADJ	grimm
several	ADJ	grimm
about	ADJ	grimm
near	ADJ	grimm
heavy	ADJ	grimm
awkward	ADJ	grimm
little	ADJ	grimm
own	ADJ	grimm
warlike	ADJ	grimm
little	ADJ	grimm
great	ADJ	grimm
small	ADJ	grimm
young	ADJ	grimm
young	ADJ	grimm
next	ADJ	grimm
open	ADJ	grimm
asleep	ADJ	grimm
wide	ADJ	grimm
satisfied	ADJ	grimm
friendly	ADJ	grimm
young	ADJ	grimm
whole	ADJ	grimm
little	ADJ	grimm
usual	ADJ	grimm
asleep	ADJ	grimm
little	ADJ	grimm
asleep	ADJ	grimm
clear	ADJ	grimm
wild	ADJ	grimm
great	ADJ	grimm
wild	ADJ	grimm
little	ADJ	grimm
great	ADJ	grimm
poor	ADJ	grimm
little	ADJ	grimm
great	ADJ	grimm
daily	ADJ	grimm
poor	ADJ	grimm
early	ADJ	grimm
thick	ADJ	grimm
more	ADJ	grimm
alone	ADJ	grimm
wild	ADJ	grimm
sorry	ADJ	grimm
poor	ADJ	grimm
same	ADJ	grimm
able	ADJ	grimm
bitter	ADJ	grimm
quiet	ADJ	grimm
old	ADJ	grimm
asleep	ADJ	grimm
little	ADJ	grimm
white	ADJ	grimm
real	ADJ	grimm
silver	ADJ	grimm
little	ADJ	grimm
many	ADJ	grimm
dear	ADJ	grimm
little	ADJ	grimm
little	ADJ	grimm
short	ADJ	grimm
little	ADJ	grimm
white	ADJ	grimm
little	ADJ	grimm
white	ADJ	grimm
cold	ADJ	grimm
high	ADJ	grimm
little	ADJ	grimm
high	ADJ	grimm
little	ADJ	grimm
near	ADJ	grimm
withered	ADJ	grimm
long	ADJ	grimm
asleep	ADJ	grimm
dark	ADJ	grimm
little	ADJ	grimm
full	ADJ	grimm
little	ADJ	grimm
whole	ADJ	grimm
naughty	ADJ	grimm
great	ADJ	grimm
other	ADJ	grimm
heavy	ADJ	grimm
well	ADJ	grimm
last	ADJ	grimm
mouthful	ADJ	grimm
first	ADJ	grimm
second	ADJ	grimm
awake	ADJ	grimm
old	ADJ	grimm
asleep	ADJ	grimm
little	ADJ	grimm
good	ADJ	grimm
small	ADJ	grimm
round	ADJ	grimm
little	ADJ	grimm
little	ADJ	grimm
little	ADJ	grimm
little	ADJ	grimm
deep	ADJ	grimm
great	ADJ	grimm
tired	ADJ	grimm
little	ADJ	grimm
asleep	ADJ	grimm
poor	ADJ	grimm
awake	ADJ	grimm
dark	ADJ	grimm
little	ADJ	grimm
many	ADJ	grimm
whole	ADJ	grimm
next	ADJ	grimm
hungry	ADJ	grimm
weary	ADJ	grimm
asleep	ADJ	grimm
beautiful	ADJ	grimm
white	ADJ	grimm
little	ADJ	grimm
little	ADJ	grimm
clear	ADJ	grimm
good	ADJ	grimm
sweet	ADJ	grimm
little	ADJ	grimm
soft	ADJ	grimm
little	ADJ	grimm
great	ADJ	grimm
old	ADJ	grimm
frightened	ADJ	grimm
old	ADJ	grimm
dear	ADJ	grimm
little	ADJ	grimm
good	ADJ	grimm
little	ADJ	grimm
clean	ADJ	grimm
old	ADJ	grimm
kind	ADJ	grimm
wicked	ADJ	grimm
little	ADJ	grimm
red	ADJ	grimm
keen	ADJ	grimm
aware	ADJ	grimm
human	ADJ	grimm
awake	ADJ	grimm
plump	ADJ	grimm
rosy	ADJ	grimm
dainty	ADJ	grimm
mouthful	ADJ	grimm
shrivelled	ADJ	grimm
little	ADJ	grimm
stable	ADJ	grimm
grated	ADJ	grimm
lazy	ADJ	grimm
good	ADJ	grimm
stable	ADJ	grimm
fat	ADJ	grimm
fat	ADJ	grimm
vain	ADJ	grimm
wicked	ADJ	grimm
good	ADJ	grimm
poor	ADJ	grimm
little	ADJ	grimm
stable	ADJ	grimm
fat	ADJ	grimm
little	ADJ	grimm
old	ADJ	grimm
dim	ADJ	grimm
thin	ADJ	grimm
fat	ADJ	grimm
lean	ADJ	grimm
poor	ADJ	grimm
little	ADJ	grimm
dear	ADJ	grimm
wild	ADJ	grimm
old	ADJ	grimm
light	ADJ	grimm
old	ADJ	grimm
poor	ADJ	grimm
silly	ADJ	grimm
old	ADJ	grimm
big	ADJ	grimm
godless	ADJ	grimm
little	ADJ	grimm
stable	ADJ	grimm
old	ADJ	grimm
dead	ADJ	grimm
other	ADJ	grimm
other	ADJ	grimm
full	ADJ	grimm
well	ADJ	grimm
full	ADJ	grimm
great	ADJ	grimm
white	ADJ	grimm
little	ADJ	grimm
little	ADJ	grimm
white	ADJ	grimm
heavy	ADJ	grimm
little	ADJ	grimm
other	ADJ	grimm
good	ADJ	grimm
little	ADJ	grimm
short	ADJ	grimm
more	ADJ	grimm
familiar	ADJ	grimm
happy	ADJ	grimm
dead	ADJ	grimm
precious	ADJ	grimm
perfect	ADJ	grimm
big	ADJ	grimm
long	ADJ	grimm
great	ADJ	grimm
able	ADJ	grimm
new	ADJ	grimm
fellow	ADJ	grimm
other	ADJ	grimm
poor	ADJ	grimm
hard	ADJ	grimm
other	ADJ	grimm
good	ADJ	grimm
little	ADJ	grimm
ready	ADJ	grimm
following	ADJ	grimm
delightful	ADJ	grimm
next	ADJ	grimm
other	ADJ	grimm
following	ADJ	grimm
uneasy	ADJ	grimm
legitimate	ADJ	grimm
bare	ADJ	grimm
false	ADJ	grimm
unhappy	ADJ	grimm
good	ADJ	grimm
same	ADJ	grimm
unable	ADJ	grimm
beautiful	ADJ	grimm
industrious	ADJ	grimm
other	ADJ	grimm
ugly	ADJ	grimm
lazy	ADJ	grimm
ugly	ADJ	grimm
lazy	ADJ	grimm
good	ADJ	grimm
own	ADJ	grimm
other	ADJ	grimm
high	ADJ	grimm
violent	ADJ	grimm
last	ADJ	grimm
beautiful	ADJ	grimm
full	ADJ	grimm
countless	ADJ	grimm
full	ADJ	grimm
little	ADJ	grimm
full	ADJ	grimm
ripe	ADJ	grimm
single	ADJ	grimm
next	ADJ	grimm
little	ADJ	grimm
old	ADJ	grimm
such	ADJ	grimm
large	ADJ	grimm
old	ADJ	grimm
afraid	ADJ	grimm
dear	ADJ	grimm
happy	ADJ	grimm
careful	ADJ	grimm
right	ADJ	grimm
old	ADJ	grimm
old	ADJ	grimm
many	ADJ	grimm
old	ADJ	grimm
good	ADJ	grimm
unhappy	ADJ	grimm
sad	ADJ	grimm
conscious	ADJ	grimm
last	ADJ	grimm
great	ADJ	grimm
homesick	ADJ	grimm
well	ADJ	grimm
homesick	ADJ	grimm
happy	ADJ	grimm
own	ADJ	grimm
pleased	ADJ	grimm
own	ADJ	grimm
broad	ADJ	grimm
closed	ADJ	grimm
old	ADJ	grimm
golden	ADJ	grimm
warm	ADJ	grimm
great	ADJ	grimm
ugly	ADJ	grimm
lazy	ADJ	grimm
beautiful	ADJ	grimm
lazy	ADJ	grimm
dirty	ADJ	grimm
ripe	ADJ	grimm
nice	ADJ	grimm
large	ADJ	grimm
afraid	ADJ	grimm
old	ADJ	grimm
first	ADJ	grimm
obedient	ADJ	grimm
industrious	ADJ	grimm
next	ADJ	grimm
third	ADJ	grimm
idle	ADJ	grimm
bad	ADJ	grimm
old	ADJ	grimm
tired	ADJ	grimm
lazy	ADJ	grimm
delighted	ADJ	grimm
mine	ADJ	grimm
broad	ADJ	grimm
great	ADJ	grimm
old	ADJ	grimm
lazy	ADJ	grimm
dirty	ADJ	grimm
little	ADJ	grimm
little	ADJ	grimm
red	ADJ	grimm
dear	ADJ	grimm
little	ADJ	grimm
most	ADJ	grimm
little	ADJ	grimm
red	ADJ	grimm
ill	ADJ	grimm
weak	ADJ	grimm
good	ADJ	grimm
hot	ADJ	grimm
good	ADJ	grimm
great	ADJ	grimm
little	ADJ	grimm
red	ADJ	grimm
wicked	ADJ	grimm
afraid	ADJ	grimm
good	ADJ	grimm
poor	ADJ	grimm
sick	ADJ	grimm
good	ADJ	grimm
strong	ADJ	grimm
good	ADJ	grimm
large	ADJ	grimm
tender	ADJ	grimm
young	ADJ	grimm
nice	ADJ	grimm
plump	ADJ	grimm
mouthful	ADJ	grimm
well	ADJ	grimm
old	ADJ	grimm
short	ADJ	grimm
round	ADJ	grimm
little	ADJ	grimm
merry	ADJ	grimm
pretty	ADJ	grimm
fresh	ADJ	grimm
good	ADJ	grimm
pretty	ADJ	grimm
deep	ADJ	grimm
little	ADJ	grimm
weak	ADJ	grimm
open	ADJ	grimm
many	ADJ	grimm
more	ADJ	grimm
surprised	ADJ	grimm
open	ADJ	grimm
strange	ADJ	grimm
dear	ADJ	grimm
uneasy	ADJ	grimm
other	ADJ	grimm
good	ADJ	grimm
strange	ADJ	grimm
big	ADJ	grimm
well	ADJ	grimm
big	ADJ	grimm
well	ADJ	grimm
large	ADJ	grimm
well	ADJ	grimm
terrible	ADJ	grimm
big	ADJ	grimm
well	ADJ	grimm
asleep	ADJ	grimm
loud	ADJ	grimm
old	ADJ	grimm
old	ADJ	grimm
little	ADJ	grimm
little	ADJ	grimm
frightened	ADJ	grimm
dark	ADJ	grimm
aged	ADJ	grimm
alive	ADJ	grimm
able	ADJ	grimm
red	ADJ	grimm
great	ADJ	grimm
heavy	ADJ	grimm
dead	ADJ	grimm
delighted	ADJ	grimm
old	ADJ	grimm
red	ADJ	grimm
good	ADJ	grimm
wicked	ADJ	grimm
public	ADJ	grimm
certain	ADJ	grimm
little	ADJ	grimm
grey	ADJ	grimm
last	ADJ	grimm
great	ADJ	grimm
great	ADJ	grimm
full	ADJ	grimm
last	ADJ	grimm
great	ADJ	grimm
beautiful	ADJ	grimm
anxious	ADJ	grimm
married	ADJ	grimm
first	ADJ	grimm
suitable	ADJ	grimm
rich	ADJ	grimm
inward	ADJ	grimm
dark	ADJ	grimm
able	ADJ	grimm
next	ADJ	grimm
able	ADJ	grimm
whole	ADJ	grimm
deep	ADJ	grimm
dark	ADJ	grimm
lonely	ADJ	grimm
grim	ADJ	grimm
mysterious	ADJ	grimm
great	ADJ	grimm
young	ADJ	grimm
fair	ADJ	grimm
young	ADJ	grimm
fair	ADJ	grimm
empty	ADJ	grimm
old	ADJ	grimm
poor	ADJ	grimm
old	ADJ	grimm
large	ADJ	grimm
old	ADJ	grimm
large	ADJ	grimm
asleep	ADJ	grimm
godless	ADJ	grimm
young	ADJ	grimm
drunk	ADJ	grimm
full	ADJ	grimm
white	ADJ	grimm
yellow	ADJ	grimm
dainty	ADJ	grimm
beautiful	ADJ	grimm
poor	ADJ	grimm
terrible	ADJ	grimm
little	ADJ	grimm
large	ADJ	grimm
old	ADJ	grimm
old	ADJ	grimm
right	ADJ	grimm
old	ADJ	grimm
asleep	ADJ	grimm
old	ADJ	grimm
large	ADJ	grimm
alone	ADJ	grimm
last	ADJ	grimm
young	ADJ	grimm
fair	ADJ	grimm
second	ADJ	grimm
empty	ADJ	grimm
grim	ADJ	grimm
mysterious	ADJ	grimm
old	ADJ	grimm
poor	ADJ	grimm
old	ADJ	grimm
large	ADJ	grimm
young	ADJ	grimm
white	ADJ	grimm
red	ADJ	grimm
yellow	ADJ	grimm
dainty	ADJ	grimm
beautiful	ADJ	grimm
difficult	ADJ	grimm
great	ADJ	grimm
deadly	ADJ	grimm
pale	ADJ	grimm
murderous	ADJ	grimm
wicked	ADJ	grimm
poor	ADJ	grimm
lonely	ADJ	grimm
long	ADJ	grimm
other	ADJ	grimm
happy	ADJ	grimm
merry	ADJ	grimm
true	ADJ	grimm
happy	ADJ	grimm
small	ADJ	grimm
big	ADJ	grimm
happy	ADJ	grimm
odd	ADJ	grimm
good	ADJ	grimm
very	ADJ	grimm
little	ADJ	grimm
healthy	ADJ	grimm
strong	ADJ	grimm
big	ADJ	grimm
little	ADJ	grimm
big	ADJ	grimm
same	ADJ	grimm
sharp	ADJ	grimm
sparkling	ADJ	grimm
clever	ADJ	grimm
little	ADJ	grimm
ready	ADJ	grimm
little	ADJ	grimm
little	ADJ	grimm
odd	ADJ	grimm
queer	ADJ	grimm
other	ADJ	grimm
right	ADJ	grimm
safe	ADJ	grimm
other	ADJ	grimm
last	ADJ	grimm
other	ADJ	grimm
little	ADJ	grimm
little	ADJ	grimm
well	ADJ	grimm
own	ADJ	grimm
dear	ADJ	grimm
last	ADJ	grimm
large	ADJ	grimm
nice	ADJ	grimm
dusky	ADJ	grimm
little	ADJ	grimm
tired	ADJ	grimm
last	ADJ	grimm
old	ADJ	grimm
good	ADJ	grimm
sharp	ADJ	grimm
next	ADJ	grimm
last	ADJ	grimm
dark	ADJ	grimm
sulky	ADJ	grimm
dangerous	ADJ	grimm
great	ADJ	grimm
last	ADJ	grimm
good	ADJ	grimm
large	ADJ	grimm
empty	ADJ	grimm
lucky	ADJ	grimm
asleep	ADJ	grimm
other	ADJ	grimm
rich	ADJ	grimm
frightened	ADJ	grimm
sure	ADJ	grimm
last	ADJ	grimm
little	ADJ	grimm
good	ADJ	grimm
frightened	ADJ	grimm
low	ADJ	grimm
much	ADJ	grimm
next	ADJ	grimm
frightened	ADJ	grimm
little	ADJ	grimm
little	ADJ	grimm
more	ADJ	grimm
roguish	ADJ	grimm
plain	ADJ	grimm
open	ADJ	grimm
little	ADJ	grimm
snug	ADJ	grimm
large	ADJ	grimm
little	ADJ	grimm
asleep	ADJ	grimm
awake	ADJ	grimm
good	ADJ	grimm
last	ADJ	grimm
dark	ADJ	grimm
bad	ADJ	grimm
good	ADJ	grimm
bad	ADJ	grimm
bad	ADJ	grimm
more	ADJ	grimm
more	ADJ	grimm
small	ADJ	grimm
small	ADJ	grimm
loud	ADJ	grimm
more	ADJ	grimm
more	ADJ	grimm
sure	ADJ	grimm
same	ADJ	grimm
frightened	ADJ	grimm
mad	ADJ	grimm
more	ADJ	grimm
frightened	ADJ	grimm
easy	ADJ	grimm
fresh	ADJ	grimm
ill	ADJ	grimm
hungry	ADJ	grimm
whole	ADJ	grimm
good	ADJ	grimm
famous	ADJ	grimm
such	ADJ	grimm
own	ADJ	grimm
cold	ADJ	grimm
very	ADJ	grimm
same	ADJ	grimm
great	ADJ	grimm
easy	ADJ	grimm
little	ADJ	grimm
merry	ADJ	grimm
loud	ADJ	grimm
frightened	ADJ	grimm
dear	ADJ	grimm
great	ADJ	grimm
dead	ADJ	grimm
free	ADJ	grimm
other	ADJ	grimm
glad	ADJ	grimm
fresh	ADJ	grimm
safe	ADJ	grimm
sound	ADJ	grimm
dear	ADJ	grimm
little	ADJ	grimm
hungry	ADJ	grimm
new	ADJ	grimm
old	ADJ	grimm
great	ADJ	grimm
many	ADJ	grimm
fine	ADJ	grimm
fond	ADJ	grimm
whole	ADJ	grimm
long	ADJ	grimm
fine	ADJ	grimm
close	ADJ	grimm
beautiful	ADJ	grimm
shrewd	ADJ	grimm
clever	ADJ	grimm
proud	ADJ	grimm
fond	ADJ	grimm
great	ADJ	grimm
poor	ADJ	grimm
silly	ADJ	grimm
such	ADJ	grimm
hard	ADJ	grimm
sudden	ADJ	grimm
little	ADJ	grimm
good	ADJ	grimm
good	ADJ	grimm
behold	ADJ	grimm
astonished	ADJ	grimm
pleased	ADJ	grimm
greedy	ADJ	grimm
poor	ADJ	grimm
fresh	ADJ	grimm
little	ADJ	grimm
behold	ADJ	grimm
delighted	ADJ	grimm
glittering	ADJ	grimm
large	ADJ	grimm
alone	ADJ	grimm
third	ADJ	grimm
little	ADJ	grimm
first	ADJ	grimm
little	ADJ	grimm
queen	ADJ	grimm
other	ADJ	grimm
old	ADJ	grimm
queen	ADJ	grimm
first	ADJ	grimm
little	ADJ	grimm
glad	ADJ	grimm
vain	ADJ	grimm
last	ADJ	grimm
awake	ADJ	grimm
odd	ADJ	grimm
new	ADJ	grimm
next	ADJ	grimm
little	ADJ	grimm
second	ADJ	grimm
comical	ADJ	grimm
little	ADJ	grimm
third	ADJ	grimm
other	ADJ	grimm
high	ADJ	grimm
other	ADJ	grimm
good	ADJ	grimm
little	ADJ	grimm
funny	ADJ	grimm
little	ADJ	grimm
next	ADJ	grimm
strange	ADJ	grimm
little	ADJ	grimm
little	ADJ	grimm
ready	ADJ	grimm
little	ADJ	grimm
poor	ADJ	grimm
little	ADJ	grimm
right	ADJ	grimm
good	ADJ	grimm
much	ADJ	grimm
good	ADJ	grimm
merry	ADJ	grimm
clever	ADJ	grimm
red	ADJ	grimm
happy	ADJ	grimm
pretty	ADJ	grimm
good	ADJ	grimm
satisfied	ADJ	grimm
brown	ADJ	grimm
ready	ADJ	grimm
juicy	ADJ	grimm
thirsty	ADJ	grimm
good	ADJ	grimm
hearty	ADJ	grimm
good	ADJ	grimm
wrong	ADJ	grimm
good	ADJ	grimm
right	ADJ	grimm
other	ADJ	grimm
else	ADJ	grimm
good	ADJ	grimm
enormous	ADJ	grimm
great	ADJ	grimm
other	ADJ	grimm
other	ADJ	grimm
right	ADJ	grimm
right	ADJ	grimm
other	ADJ	grimm
hearty	ADJ	grimm
second	ADJ	grimm
first	ADJ	grimm
most	ADJ	grimm
great	ADJ	grimm
hush	ADJ	grimm
bad	ADJ	grimm
idle	ADJ	grimm
fine	ADJ	grimm
nice	ADJ	grimm
fine	ADJ	grimm
old	ADJ	grimm
old	ADJ	grimm
dim	ADJ	grimm
dull	ADJ	grimm
old	ADJ	grimm
last	ADJ	grimm
earthenware	ADJ	grimm
enough	ADJ	grimm
full	ADJ	grimm
young	ADJ	grimm
wooden	ADJ	grimm
few	ADJ	grimm
half	ADJ	grimm
little	ADJ	grimm
old	ADJ	grimm
little	ADJ	grimm
big	ADJ	grimm
other	ADJ	grimm
old	ADJ	grimm
little	ADJ	grimm
little	ADJ	grimm
certain	ADJ	grimm
rich	ADJ	grimm
poor	ADJ	grimm
little	ADJ	grimm
good	ADJ	grimm
wooden	ADJ	grimm
brown	ADJ	grimm
other	ADJ	grimm
big	ADJ	grimm
next	ADJ	grimm
little	ADJ	grimm
little	ADJ	grimm
small	ADJ	grimm
little	ADJ	grimm
little	ADJ	grimm
little	ADJ	grimm
little	ADJ	grimm
little	ADJ	grimm
glad	ADJ	grimm
new	ADJ	grimm
broken	ADJ	grimm
bad	ADJ	grimm
alone	ADJ	grimm
tired	ADJ	grimm
different	ADJ	grimm
about	ADJ	grimm
tiled	ADJ	grimm
poor	ADJ	grimm
quick	ADJ	grimm
contented	ADJ	grimm
fifth	ADJ	grimm
curious	ADJ	grimm
first	ADJ	grimm
second	ADJ	grimm
tiled	ADJ	grimm
more	ADJ	grimm
fine	ADJ	grimm
last	ADJ	grimm
fine	ADJ	grimm
frightened	ADJ	grimm
fifth	ADJ	grimm
little	ADJ	grimm
fifth	ADJ	grimm
bad	ADJ	grimm
much	ADJ	grimm
fifth	ADJ	grimm
true	ADJ	grimm
black	ADJ	grimm
own	ADJ	grimm
next	ADJ	grimm
small	ADJ	grimm
beautiful	ADJ	grimm
small	ADJ	grimm
golden	ADJ	grimm
small	ADJ	grimm
great	ADJ	grimm
great	ADJ	grimm
more	ADJ	grimm
small	ADJ	grimm
innocent	ADJ	grimm
little	ADJ	grimm
full	ADJ	grimm
free	ADJ	grimm
free	ADJ	grimm
same	ADJ	grimm
very	ADJ	grimm
whole	ADJ	grimm
more	ADJ	grimm
needful	ADJ	grimm
willing	ADJ	grimm
willing	ADJ	grimm
little	ADJ	grimm
small	ADJ	grimm
contented	ADJ	grimm
pretty	ADJ	grimm
more	ADJ	grimm
small	ADJ	grimm
blue	ADJ	grimm
little	ADJ	grimm
whole	ADJ	grimm
entire	ADJ	grimm
dead	ADJ	grimm
small	ADJ	grimm
sole	ADJ	grimm
rich	ADJ	grimm
hungry	ADJ	grimm
nice	ADJ	grimm
good	ADJ	grimm
ready	ADJ	grimm
nice	ADJ	grimm
brown	ADJ	grimm
ready	ADJ	grimm
large	ADJ	grimm
last	ADJ	grimm
rascally	ADJ	grimm
good	ADJ	grimm
tired	ADJ	grimm
full	ADJ	grimm
empty	ADJ	grimm
last	ADJ	grimm
fine	ADJ	grimm
last	ADJ	grimm
lucky	ADJ	grimm
good	ADJ	grimm
great	ADJ	grimm
full	ADJ	grimm
pleased	ADJ	grimm
neat	ADJ	grimm
clean	ADJ	grimm
fair	ADJ	grimm
dry	ADJ	grimm
clean	ADJ	grimm
sharp	ADJ	grimm
good	ADJ	grimm
yellow	ADJ	grimm
earthenware	ADJ	grimm
dear	ADJ	grimm
yellow	ADJ	grimm
yellow	ADJ	grimm
yellow	ADJ	grimm
yellow	ADJ	grimm
yellow	ADJ	grimm
pretty	ADJ	grimm
yellow	ADJ	grimm
last	ADJ	grimm
fast	ADJ	grimm
much	ADJ	grimm
near	ADJ	grimm
narrow	ADJ	grimm
poor	ADJ	grimm
well	ADJ	grimm
other	ADJ	grimm
same	ADJ	grimm
young	ADJ	grimm
other	ADJ	grimm
dry	ADJ	grimm
poor	ADJ	grimm
other	ADJ	grimm
such	ADJ	grimm
silly	ADJ	grimm
sure	ADJ	grimm
dry	ADJ	grimm
safe	ADJ	grimm
fond	ADJ	grimm
fine	ADJ	grimm
back	ADJ	grimm
front	ADJ	grimm
safe	ADJ	grimm
clever	ADJ	grimm
much	ADJ	grimm
dark	ADJ	grimm
great	ADJ	grimm
tired	ADJ	grimm
very	ADJ	grimm
other	ADJ	grimm
tired	ADJ	grimm
heavy	ADJ	grimm
little	ADJ	grimm
heavy	ADJ	grimm
heavy	ADJ	grimm
heavy	ADJ	grimm
sure	ADJ	grimm
safe	ADJ	grimm
sound	ADJ	grimm
real	ADJ	grimm
ugly	ADJ	grimm
wicked	ADJ	grimm
own	ADJ	grimm
beautiful	ADJ	grimm
good	ADJ	grimm
other	ADJ	grimm
envious	ADJ	grimm
quiet	ADJ	grimm
old	ADJ	grimm
asleep	ADJ	grimm
careful	ADJ	grimm
far	ADJ	grimm
poor	ADJ	grimm
far	ADJ	grimm
asleep	ADJ	grimm
other	ADJ	grimm
close	ADJ	grimm
old	ADJ	grimm
right	ADJ	grimm
own	ADJ	grimm
own	ADJ	grimm
magic	ADJ	grimm
magic	ADJ	grimm
dead	ADJ	grimm
old	ADJ	grimm
next	ADJ	grimm
sweeping	ADJ	grimm
first	ADJ	grimm
old	ADJ	grimm
second	ADJ	grimm
third	ADJ	grimm
own	ADJ	grimm
long	ADJ	grimm
many	ADJ	grimm
old	ADJ	grimm
magic	ADJ	grimm
endless	ADJ	grimm
old	ADJ	grimm
natural	ADJ	grimm
whole	ADJ	grimm
beautiful	ADJ	grimm
dear	ADJ	grimm
beautiful	ADJ	grimm
magical	ADJ	grimm
violent	ADJ	grimm
dead	ADJ	grimm
free	ADJ	grimm
red	ADJ	grimm
red	ADJ	grimm
beloved	ADJ	grimm
poor	ADJ	grimm
long	ADJ	grimm
sad	ADJ	grimm
strange	ADJ	grimm
good	ADJ	grimm
human	ADJ	grimm
pleased	ADJ	grimm
good	ADJ	grimm
afraid	ADJ	grimm
wise	ADJ	grimm
wise	ADJ	grimm
white	ADJ	grimm
next	ADJ	grimm
open	ADJ	grimm
white	ADJ	grimm
beautiful	ADJ	grimm
faithful	ADJ	grimm
old	ADJ	grimm
present	ADJ	grimm
faithful	ADJ	grimm
sad	ADJ	grimm
other	ADJ	grimm
true	ADJ	grimm
other	ADJ	grimm
faithful	ADJ	grimm
broad	ADJ	grimm
many	ADJ	grimm
fine	ADJ	grimm
black	ADJ	grimm
white	ADJ	grimm
little	ADJ	grimm
white	ADJ	grimm
red	ADJ	grimm
black	ADJ	grimm
ebony	ADJ	grimm
little	ADJ	grimm
white	ADJ	grimm
rosy	ADJ	grimm
black	ADJ	grimm
beautiful	ADJ	grimm
vain	ADJ	grimm
handsome	ADJ	grimm
true	ADJ	grimm
fair	ADJ	grimm
fair	ADJ	grimm
beautiful	ADJ	grimm
old	ADJ	grimm
bright	ADJ	grimm
fair	ADJ	grimm
usual	ADJ	grimm
fair	ADJ	grimm
beauteous	ADJ	grimm
pale	ADJ	grimm
wide	ADJ	grimm
more	ADJ	grimm
pretty	ADJ	grimm
likely	ADJ	grimm
wild	ADJ	grimm
great	ADJ	grimm
poor	ADJ	grimm
great	ADJ	grimm
wild	ADJ	grimm
little	ADJ	grimm
neat	ADJ	grimm
white	ADJ	grimm
little	ADJ	grimm
little	ADJ	grimm
little	ADJ	grimm
little	ADJ	grimm
hungry	ADJ	grimm
little	ADJ	grimm
little	ADJ	grimm
little	ADJ	grimm
long	ADJ	grimm
short	ADJ	grimm
last	ADJ	grimm
seventh	ADJ	grimm
little	ADJ	grimm
right	ADJ	grimm
first	ADJ	grimm
third	ADJ	grimm
fourth	ADJ	grimm
fifth	ADJ	grimm
sixth	ADJ	grimm
seventh	ADJ	grimm
first	ADJ	grimm
seventh	ADJ	grimm
good	ADJ	grimm
lovely	ADJ	grimm
glad	ADJ	grimm
seventh	ADJ	grimm
other	ADJ	grimm
good	ADJ	grimm
dead	ADJ	grimm
handsome	ADJ	grimm
true	ADJ	grimm
fair	ADJ	grimm
fair	ADJ	grimm
lovely	ADJ	grimm
frightened	ADJ	grimm
sure	ADJ	grimm
beautiful	ADJ	grimm
old	ADJ	grimm
fine	ADJ	grimm
good	ADJ	grimm
good	ADJ	grimm
good	ADJ	grimm
fine	ADJ	grimm
old	ADJ	grimm
good	ADJ	grimm
old	ADJ	grimm
nice	ADJ	grimm
new	ADJ	grimm
old	ADJ	grimm
dead	ADJ	grimm
spiteful	ADJ	grimm
faithful	ADJ	grimm
dead	ADJ	grimm
little	ADJ	grimm
old	ADJ	grimm
great	ADJ	grimm
fair	ADJ	grimm
lovely	ADJ	grimm
cold	ADJ	grimm
fine	ADJ	grimm
beautiful	ADJ	grimm
poisoned	ADJ	grimm
pretty	ADJ	grimm
powerful	ADJ	grimm
senseless	ADJ	grimm
good	ADJ	grimm
same	ADJ	grimm
ready	ADJ	grimm
rosy	ADJ	grimm
tempting	ADJ	grimm
sure	ADJ	grimm
old	ADJ	grimm
pretty	ADJ	grimm
silly	ADJ	grimm
other	ADJ	grimm
afraid	ADJ	grimm
other	ADJ	grimm
good	ADJ	grimm
other	ADJ	grimm
nice	ADJ	grimm
old	ADJ	grimm
dead	ADJ	grimm
fair	ADJ	grimm
wicked	ADJ	grimm
glad	ADJ	grimm
happy	ADJ	grimm
afraid	ADJ	grimm
dead	ADJ	grimm
vain	ADJ	grimm
little	ADJ	grimm
dead	ADJ	grimm
whole	ADJ	grimm
rosy	ADJ	grimm
alive	ADJ	grimm
cold	ADJ	grimm
golden	ADJ	grimm
last	ADJ	grimm
long	ADJ	grimm
long	ADJ	grimm
asleep	ADJ	grimm
white	ADJ	grimm
red	ADJ	grimm
black	ADJ	grimm
last	ADJ	grimm
golden	ADJ	grimm
last	ADJ	grimm
safe	ADJ	grimm
well	ADJ	grimm
ready	ADJ	grimm
great	ADJ	grimm
old	ADJ	grimm
fine	ADJ	grimm
rich	ADJ	grimm
true	ADJ	grimm
fair	ADJ	grimm
lovely	ADJ	grimm
great	ADJ	grimm
other	ADJ	grimm
dead	ADJ	grimm
long	ADJ	grimm
many	ADJ	grimm
many	ADJ	grimm
little	ADJ	grimm
kind	ADJ	grimm
joyful	ADJ	grimm
wild	ADJ	grimm
clear	ADJ	grimm
little	ADJ	grimm
old	ADJ	grimm
asleep	ADJ	grimm
old	ADJ	grimm
secret	ADJ	grimm
wild	ADJ	grimm
high	ADJ	grimm
white	ADJ	grimm
big	ADJ	grimm
beautiful	ADJ	grimm
pretty	ADJ	grimm
beautiful	ADJ	grimm
other	ADJ	grimm
old	ADJ	grimm
great	ADJ	grimm
asleep	ADJ	grimm
next	ADJ	grimm
innocent	ADJ	grimm
own	ADJ	grimm
little	ADJ	grimm
old	ADJ	grimm
wicked	ADJ	grimm
old	ADJ	grimm
black	ADJ	grimm
gold	ADJ	grimm
old	ADJ	grimm
gold	ADJ	grimm
live	ADJ	grimm
short	ADJ	grimm
alive	ADJ	grimm
own	ADJ	grimm
long	ADJ	grimm
strange	ADJ	grimm
unknown	ADJ	grimm
willing	ADJ	grimm
other	ADJ	grimm
beautiful	ADJ	grimm
own	ADJ	grimm
high	ADJ	grimm
beloved	ADJ	grimm
alive	ADJ	grimm
dead	ADJ	grimm
satisfied	ADJ	grimm
dear	ADJ	grimm
wild	ADJ	grimm
alive	ADJ	grimm
free	ADJ	grimm
strange	ADJ	grimm
skilful	ADJ	grimm
much	ADJ	grimm
royal	ADJ	grimm
great	ADJ	grimm
open	ADJ	grimm
more	ADJ	grimm
able	ADJ	grimm
great	ADJ	grimm
entire	ADJ	grimm
next	ADJ	grimm
great	ADJ	grimm
clever	ADJ	grimm
poor	ADJ	grimm
dear	ADJ	grimm
principal	ADJ	grimm
alive	ADJ	grimm
alive	ADJ	grimm
dear	ADJ	grimm
wild	ADJ	grimm
gracious	ADJ	grimm
alive	ADJ	grimm
wild	ADJ	grimm
old	ADJ	grimm
asleep	ADJ	grimm
golden	ADJ	grimm
live	ADJ	grimm
true	ADJ	grimm
white	ADJ	grimm
deep	ADJ	grimm
own	ADJ	grimm
gracious	ADJ	grimm
beautiful	ADJ	grimm
royal	ADJ	grimm
beautiful	ADJ	grimm
own	ADJ	grimm
beautiful	ADJ	grimm
royal	ADJ	grimm
gracious	ADJ	grimm
merciful	ADJ	grimm
free	ADJ	grimm
more	ADJ	grimm
white	ADJ	grimm
aged	ADJ	grimm
own	ADJ	grimm
beautiful	ADJ	grimm
alive	ADJ	grimm
clever	ADJ	grimm
clever	ADJ	grimm
married	ADJ	grimm
clever	ADJ	grimm
smart	ADJ	grimm
good	ADJ	grimm
smart	ADJ	grimm
clever	ADJ	grimm
long	ADJ	grimm
unexpected	ADJ	grimm
idle	ADJ	grimm
much	ADJ	grimm
clever	ADJ	grimm
big	ADJ	grimm
clever	ADJ	grimm
big	ADJ	grimm
clever	ADJ	grimm
thirsty	ADJ	grimm
clever	ADJ	grimm
big	ADJ	grimm
clever	ADJ	grimm
future	ADJ	grimm
big	ADJ	grimm
clever	ADJ	grimm
short	ADJ	grimm
great	ADJ	grimm
very	ADJ	grimm
clever	ADJ	grimm
long	ADJ	grimm
other	ADJ	grimm
dear	ADJ	grimm
other	ADJ	grimm
big	ADJ	grimm
more	ADJ	grimm
clever	ADJ	grimm
dear	ADJ	grimm
good	ADJ	grimm
satisfied	ADJ	grimm
asleep	ADJ	grimm
long	ADJ	grimm
clever	ADJ	grimm
industrious	ADJ	grimm
asleep	ADJ	grimm
little	ADJ	grimm
dark	ADJ	grimm
alarmed	ADJ	grimm
uncertain	ADJ	grimm
clever	ADJ	grimm
sure	ADJ	grimm
own	ADJ	grimm
faithful	ADJ	grimm
diligent	ADJ	grimm
long	ADJ	grimm
sad	ADJ	grimm
simple	ADJ	grimm
hearted	ADJ	grimm
poor	ADJ	grimm
great	ADJ	grimm
bad	ADJ	grimm
wide	ADJ	grimm
merry	ADJ	grimm
little	ADJ	grimm
merry	ADJ	grimm
hearted	ADJ	grimm
sound	ADJ	grimm
rich	ADJ	grimm
safe	ADJ	grimm
little	ADJ	grimm
full	ADJ	grimm
other	ADJ	grimm
poor	ADJ	grimm
little	ADJ	grimm
kind	ADJ	grimm
honest	ADJ	grimm
good	ADJ	grimm
many	ADJ	grimm
well	ADJ	grimm
honest	ADJ	grimm
merry	ADJ	grimm
old	ADJ	grimm
close	ADJ	grimm
topmost	ADJ	grimm
pretty	ADJ	grimm
great	ADJ	grimm
high	ADJ	grimm
high	ADJ	grimm
poor	ADJ	grimm
close	ADJ	grimm
other	ADJ	grimm
brisk	ADJ	grimm
high	ADJ	grimm
round	ADJ	grimm
poor	ADJ	grimm
much	ADJ	grimm
pleased	ADJ	grimm
naked	ADJ	grimm
piteous	ADJ	grimm
late	ADJ	grimm
last	ADJ	grimm
likely	ADJ	grimm
short	ADJ	grimm
last	ADJ	grimm
other	ADJ	grimm
last	ADJ	grimm
third	ADJ	grimm
first	ADJ	grimm
second	ADJ	grimm
first	ADJ	grimm
merry	ADJ	grimm
pleasant	ADJ	grimm
more	ADJ	grimm
rich	ADJ	grimm
sick	ADJ	grimm
only	ADJ	grimm
good	ADJ	grimm
little	ADJ	grimm
good	ADJ	grimm
kind	ADJ	grimm
beautiful	ADJ	grimm
white	ADJ	grimm
new	ADJ	grimm
own	ADJ	grimm
fair	ADJ	grimm
foul	ADJ	grimm
sorry	ADJ	grimm
poor	ADJ	grimm
little	ADJ	grimm
good	ADJ	grimm
fine	ADJ	grimm
old	ADJ	grimm
grey	ADJ	grimm
hard	ADJ	grimm
tired	ADJ	grimm
dusty	ADJ	grimm
dirty	ADJ	grimm
fair	ADJ	grimm
fine	ADJ	grimm
first	ADJ	grimm
second	ADJ	grimm
own	ADJ	grimm
first	ADJ	grimm
dear	ADJ	grimm
first	ADJ	grimm
fine	ADJ	grimm
green	ADJ	grimm
hazel	ADJ	grimm
fine	ADJ	grimm
little	ADJ	grimm
last	ADJ	grimm
little	ADJ	grimm
back	ADJ	grimm
quick	ADJ	grimm
white	ADJ	grimm
little	ADJ	grimm
little	ADJ	grimm
good	ADJ	grimm
least	ADJ	grimm
little	ADJ	grimm
quick	ADJ	grimm
white	ADJ	grimm
little	ADJ	grimm
little	ADJ	grimm
good	ADJ	grimm
spangled	ADJ	grimm
strange	ADJ	grimm
fine	ADJ	grimm
beautiful	ADJ	grimm
rich	ADJ	grimm
safe	ADJ	grimm
late	ADJ	grimm
beautiful	ADJ	grimm
unknown	ADJ	grimm
open	ADJ	grimm
dirty	ADJ	grimm
dim	ADJ	grimm
little	ADJ	grimm
beautiful	ADJ	grimm
little	ADJ	grimm
grey	ADJ	grimm
next	ADJ	grimm
fine	ADJ	grimm
fine	ADJ	grimm
large	ADJ	grimm
full	ADJ	grimm
ripe	ADJ	grimm
unknown	ADJ	grimm
other	ADJ	grimm
beautiful	ADJ	grimm
little	ADJ	grimm
grey	ADJ	grimm
third	ADJ	grimm
kind	ADJ	grimm
fine	ADJ	grimm
former	ADJ	grimm
golden	ADJ	grimm
next	ADJ	grimm
golden	ADJ	grimm
beautiful	ADJ	grimm
golden	ADJ	grimm
eld	ADJ	grimm
great	ADJ	grimm
small	ADJ	grimm
silly	ADJ	grimm
great	ADJ	grimm
little	ADJ	grimm
small	ADJ	grimm
true	ADJ	grimm
false	ADJ	grimm
right	ADJ	grimm
other	ADJ	grimm
large	ADJ	grimm
little	ADJ	grimm
small	ADJ	grimm
true	ADJ	grimm
white	ADJ	grimm
red	ADJ	grimm
true	ADJ	grimm
other	ADJ	grimm
little	ADJ	grimm
dirty	ADJ	grimm
first	ADJ	grimm
sure	ADJ	grimm
dirty	ADJ	grimm
golden	ADJ	grimm
clumsy	ADJ	grimm
left	ADJ	grimm
golden	ADJ	grimm
right	ADJ	grimm
frightened	ADJ	grimm
pale	ADJ	grimm
true	ADJ	grimm
right	ADJ	grimm
long	ADJ	grimm
secret	ADJ	grimm
strange	ADJ	grimm
present	ADJ	grimm
trusty	ADJ	grimm
more	ADJ	grimm
alone	ADJ	grimm
long	ADJ	grimm
such	ADJ	grimm
white	ADJ	grimm
little	ADJ	grimm
strange	ADJ	grimm
little	ADJ	grimm
very	ADJ	grimm
beautiful	ADJ	grimm
trusty	ADJ	grimm
angry	ADJ	grimm
guilty	ADJ	grimm
well	ADJ	grimm
smooth	ADJ	grimm
confidential	ADJ	grimm
good	ADJ	grimm
pitiful	ADJ	grimm
heavy	ADJ	grimm
fine	ADJ	grimm
wrong	ADJ	grimm
good	ADJ	grimm
little	ADJ	grimm
dumb	ADJ	grimm
kind	ADJ	grimm
ant	ADJ	grimm
clumsy	ADJ	grimm
stupid	ADJ	grimm
heavy	ADJ	grimm
ant	ADJ	grimm
good	ADJ	grimm
old	ADJ	grimm
young	ADJ	grimm
idle	ADJ	grimm
good	ADJ	grimm
big	ADJ	grimm
poor	ADJ	grimm
young	ADJ	grimm
helpless	ADJ	grimm
good	ADJ	grimm
young	ADJ	grimm
good	ADJ	grimm
own	ADJ	grimm
long	ADJ	grimm
large	ADJ	grimm
great	ADJ	grimm
hard	ADJ	grimm
many	ADJ	grimm
vain	ADJ	grimm
great	ADJ	grimm
handsome	ADJ	grimm
alone	ADJ	grimm
very	ADJ	grimm
full	ADJ	grimm
proud	ADJ	grimm
equal	ADJ	grimm
own	ADJ	grimm
single	ADJ	grimm
possible	ADJ	grimm
first	ADJ	grimm
full	ADJ	grimm
single	ADJ	grimm
ant	ADJ	grimm
grateful	ADJ	grimm
great	ADJ	grimm
amazed	ADJ	grimm
young	ADJ	grimm
proud	ADJ	grimm
golden	ADJ	grimm
same	ADJ	grimm
young	ADJ	grimm
big	ADJ	grimm
full	ADJ	grimm
beautiful	ADJ	grimm
more	ADJ	grimm
full	ADJ	grimm
undisturbed	ADJ	grimm
great	ADJ	grimm
little	ADJ	grimm
old	ADJ	grimm
little	ADJ	grimm
dear	ADJ	grimm
rough	ADJ	grimm
black	ADJ	grimm
dear	ADJ	grimm
good	ADJ	grimm
old	ADJ	grimm
easy	ADJ	grimm
dear	ADJ	grimm
little	ADJ	grimm
rough	ADJ	grimm
soft	ADJ	grimm
pleasant	ADJ	grimm
rough	ADJ	grimm
great	ADJ	grimm
soft	ADJ	grimm
dear	ADJ	grimm
black	ADJ	grimm
black	ADJ	grimm
white	ADJ	grimm
afraid	ADJ	grimm
white	ADJ	grimm
third	ADJ	grimm
dear	ADJ	grimm
little	ADJ	grimm
little	ADJ	grimm
dear	ADJ	grimm
little	ADJ	grimm
white	ADJ	grimm
true	ADJ	grimm
second	ADJ	grimm
third	ADJ	grimm
fourth	ADJ	grimm
fifth	ADJ	grimm
sixth	ADJ	grimm
seventh	ADJ	grimm
great	ADJ	grimm
other	ADJ	grimm
young	ADJ	grimm
only	ADJ	grimm
green	ADJ	grimm
old	ADJ	grimm
open	ADJ	grimm
last	ADJ	grimm
young	ADJ	grimm
soft	ADJ	grimm
dear	ADJ	grimm
poor	ADJ	grimm
young	ADJ	grimm
gorged	ADJ	grimm
possible	ADJ	grimm
poor	ADJ	grimm
alive	ADJ	grimm
little	ADJ	grimm
alive	ADJ	grimm
dear	ADJ	grimm
big	ADJ	grimm
wicked	ADJ	grimm
asleep	ADJ	grimm
many	ADJ	grimm
great	ADJ	grimm
aware	ADJ	grimm
thirsty	ADJ	grimm
other	ADJ	grimm
poor	ADJ	grimm
big	ADJ	grimm
heavy	ADJ	grimm
dead	ADJ	grimm
dead	ADJ	grimm
round	ADJ	grimm
wasteful	ADJ	grimm
foolish	ADJ	grimm
little	ADJ	grimm
insignificant	ADJ	grimm
young	ADJ	grimm
simple	ADJ	grimm
wise	ADJ	grimm
unable	ADJ	grimm
last	ADJ	grimm
ant	ADJ	grimm
eld	ADJ	grimm
poor	ADJ	grimm
little	ADJ	grimm
poor	ADJ	grimm
many	ADJ	grimm
many	ADJ	grimm
poor	ADJ	grimm
beesâ€™-n	ADJ	grimm
hollow	ADJ	grimm
much	ADJ	grimm
pretty	ADJ	grimm
fine	ADJ	grimm
middle	ADJ	grimm
next	ADJ	grimm
little	ADJ	grimm
grey	ADJ	grimm
old	ADJ	grimm
third	ADJ	grimm
beautiful	ADJ	grimm
good	ADJ	grimm
drunk	ADJ	grimm
next	ADJ	grimm
eld	ADJ	grimm
first	ADJ	grimm
eld	ADJ	grimm
whole	ADJ	grimm
first	ADJ	grimm
next	ADJ	grimm
second	ADJ	grimm
first	ADJ	grimm
second	ADJ	grimm
last	ADJ	grimm
little	ADJ	grimm
hard	ADJ	grimm
tiresome!--so	ADJ	grimm
second	ADJ	grimm
third	ADJ	grimm
hard	ADJ	grimm
young	ADJ	grimm
good	ADJ	grimm
beautiful	ADJ	grimm
next	ADJ	grimm
sweet	ADJ	grimm
young	ADJ	grimm
little	ADJ	grimm
young	ADJ	grimm
proper	ADJ	grimm
young	ADJ	grimm
good	ADJ	grimm
other	ADJ	grimm
honest	ADJ	grimm
enough	ADJ	grimm
last	ADJ	grimm
enough	ADJ	grimm
ready	ADJ	grimm
next	ADJ	grimm
clear	ADJ	grimm
asleep	ADJ	grimm
great	ADJ	grimm
good	ADJ	grimm
odd	ADJ	grimm
false	ADJ	grimm
whole	ADJ	grimm
neat	ADJ	grimm
true	ADJ	grimm
same	ADJ	grimm
high	ADJ	grimm
usual	ADJ	grimm
poor	ADJ	grimm
enough	ADJ	grimm
more	ADJ	grimm
next	ADJ	grimm
ready	ADJ	grimm
more	ADJ	grimm
ready	ADJ	grimm
good	ADJ	grimm
light	ADJ	grimm
little	ADJ	grimm
naked	ADJ	grimm
little	ADJ	grimm
ready	ADJ	grimm
quick	ADJ	grimm
next	ADJ	grimm
little	ADJ	grimm
rich	ADJ	grimm
thankful	ADJ	grimm
good	ADJ	grimm
sorry	ADJ	grimm
decent	ADJ	grimm
little	ADJ	grimm
good	ADJ	grimm
ready	ADJ	grimm
little	ADJ	grimm
usual	ADJ	grimm
delighted	ADJ	grimm
capered	ADJ	grimm
merry	ADJ	grimm
good	ADJ	grimm
rich	ADJ	grimm
good	ADJ	grimm
beautiful	ADJ	grimm
other	ADJ	grimm
much	ADJ	grimm
childless	ADJ	grimm
red	ADJ	grimm
white	ADJ	grimm
light	ADJ	grimm
glad	ADJ	grimm
green	ADJ	grimm
green	ADJ	grimm
full	ADJ	grimm
sweet	ADJ	grimm
round	ADJ	grimm
firm	ADJ	grimm
glad	ADJ	grimm
ripe	ADJ	grimm
sad	ADJ	grimm
ill	ADJ	grimm
little	ADJ	grimm
comforted	ADJ	grimm
happy	ADJ	grimm
little	ADJ	grimm
white	ADJ	grimm
red	ADJ	grimm
great	ADJ	grimm
less	ADJ	grimm
able	ADJ	grimm
usual	ADJ	grimm
little	ADJ	grimm
first	ADJ	grimm
red	ADJ	grimm
white	ADJ	grimm
own	ADJ	grimm
evil	ADJ	grimm
more	ADJ	grimm
more	ADJ	grimm
poor	ADJ	grimm
little	ADJ	grimm
beautiful	ADJ	grimm
heavy	ADJ	grimm
large	ADJ	grimm
little	ADJ	grimm
angry	ADJ	grimm
evil	ADJ	grimm
little	ADJ	grimm
little	ADJ	grimm
evil	ADJ	grimm
wicked	ADJ	grimm
dreadful	ADJ	grimm
evil	ADJ	grimm
little	ADJ	grimm
overwhelmed	ADJ	grimm
white	ADJ	grimm
top	ADJ	grimm
little	ADJ	grimm
pale	ADJ	grimm
little	ADJ	grimm
terrified	ADJ	grimm
little	ADJ	grimm
large	ADJ	grimm
black	ADJ	grimm
great	ADJ	grimm
unhappy	ADJ	grimm
right	ADJ	grimm
more	ADJ	grimm
good	ADJ	grimm
bottom	ADJ	grimm
green	ADJ	grimm
first	ADJ	grimm
beautiful	ADJ	grimm
lighthearted	ADJ	grimm
happy	ADJ	grimm
alive	ADJ	grimm
little	ADJ	grimm
beautiful	ADJ	grimm
beautiful	ADJ	grimm
other	ADJ	grimm
right	ADJ	grimm
little	ADJ	grimm
beautiful	ADJ	grimm
little	ADJ	grimm
beautiful	ADJ	grimm
splendid	ADJ	grimm
red	ADJ	grimm
green	ADJ	grimm
burnished	ADJ	grimm
bright	ADJ	grimm
upper	ADJ	grimm
red	ADJ	grimm
red	ADJ	grimm
left	ADJ	grimm
little	ADJ	grimm
beautiful	ADJ	grimm
right	ADJ	grimm
left	ADJ	grimm
hick	ADJ	grimm
little	ADJ	grimm
more	ADJ	grimm
good	ADJ	grimm
beautiful	ADJ	grimm
last	ADJ	grimm
beautiful	ADJ	grimm
little	ADJ	grimm
beautiful	ADJ	grimm
right	ADJ	grimm
little	ADJ	grimm
lighthearted	ADJ	grimm
pleased	ADJ	grimm
cheerful	ADJ	grimm
uneasy	ADJ	grimm
heavy	ADJ	grimm
little	ADJ	grimm
happy	ADJ	grimm
old	ADJ	grimm
full	ADJ	grimm
open	ADJ	grimm
little	ADJ	grimm
wet	ADJ	grimm
little	ADJ	grimm
roaring	ADJ	grimm
violent	ADJ	grimm
beautiful	ADJ	grimm
warm	ADJ	grimm
bright	ADJ	grimm
delicious	ADJ	grimm
good	ADJ	grimm
little	ADJ	grimm
whole	ADJ	grimm
beautiful	ADJ	grimm
splendid	ADJ	grimm
beautiful	ADJ	grimm
beautiful	ADJ	grimm
such	ADJ	grimm
little	ADJ	grimm
dead	ADJ	grimm
good	ADJ	grimm
little	ADJ	grimm
beautiful	ADJ	grimm
happy	ADJ	grimm
lighthearted	ADJ	grimm
miserable	ADJ	grimm
splendid	ADJ	grimm
red	ADJ	grimm
little	ADJ	grimm
little	ADJ	grimm
little	ADJ	grimm
rich	ADJ	grimm
other	ADJ	grimm
poor	ADJ	grimm
poor	ADJ	grimm
red	ADJ	grimm
big	ADJ	grimm
large	ADJ	grimm
large	ADJ	grimm
last	ADJ	grimm
big	ADJ	grimm
more	ADJ	grimm
little	ADJ	grimm
well	ADJ	grimm
good	ADJ	grimm
wonderful	ADJ	grimm
many	ADJ	grimm
strange	ADJ	grimm
good	ADJ	grimm
true	ADJ	grimm
poor	ADJ	grimm
enough	ADJ	grimm
red	ADJ	grimm
rich	ADJ	grimm
poor	ADJ	grimm
poor	ADJ	grimm
much	ADJ	grimm
rich	ADJ	grimm
rich	ADJ	grimm
rich	ADJ	grimm
same	ADJ	grimm
good	ADJ	grimm
rich	ADJ	grimm
fine	ADJ	grimm
large	ADJ	grimm
much	ADJ	grimm
present	ADJ	grimm
worth	ADJ	grimm
more	ADJ	grimm
valuable	ADJ	grimm
wonderful	ADJ	grimm
great	ADJ	grimm
wicked	ADJ	grimm
dear	ADJ	grimm
other	ADJ	grimm
ready	ADJ	grimm
large	ADJ	grimm
merry	ADJ	grimm
good	ADJ	grimm
good	ADJ	grimm
thine	ADJ	grimm
short	ADJ	grimm
great	ADJ	grimm
wondrous	ADJ	grimm
empty	ADJ	grimm
little	ADJ	grimm
wise	ADJ	grimm
wise	ADJ	grimm
sick	ADJ	grimm
precious	ADJ	grimm
wert	ADJ	grimm
blessed	ADJ	grimm
little	ADJ	grimm
other	ADJ	grimm
little	ADJ	grimm
little	ADJ	grimm
unknown	ADJ	grimm
heavy	ADJ	grimm
great	ADJ	grimm
other	ADJ	grimm
free	ADJ	grimm
wise	ADJ	grimm
wert	ADJ	grimm
poor	ADJ	grimm
clever	ADJ	grimm
good	ADJ	grimm
good	ADJ	grimm
good	ADJ	grimm
good	ADJ	grimm
good	ADJ	grimm
next	ADJ	grimm
good	ADJ	grimm
good	ADJ	grimm
good	ADJ	grimm
good	ADJ	grimm
good	ADJ	grimm
next	ADJ	grimm
good	ADJ	grimm
good	ADJ	grimm
good	ADJ	grimm
young	ADJ	grimm
good	ADJ	grimm
good	ADJ	grimm
next	ADJ	grimm
good	ADJ	grimm
good	ADJ	grimm
good	ADJ	grimm
good	ADJ	grimm
good	ADJ	grimm
next	ADJ	grimm
good	ADJ	grimm
good	ADJ	grimm
good	ADJ	grimm
good	ADJ	grimm
good	ADJ	grimm
well	ADJ	grimm
next	ADJ	grimm
good	ADJ	grimm
good	ADJ	grimm
good	ADJ	grimm
good	ADJ	grimm
good	ADJ	grimm
friendly	ADJ	grimm
stable	ADJ	grimm
angry	ADJ	grimm
loose	ADJ	grimm
aged	ADJ	grimm
only	ADJ	grimm
stupid	ADJ	grimm
strange	ADJ	grimm
whole	ADJ	grimm
precious	ADJ	grimm
ashamed	ADJ	grimm
third	ADJ	grimm
whole	ADJ	grimm
third	ADJ	grimm
dear	ADJ	grimm
furious	ADJ	grimm
old	ADJ	grimm
old	ADJ	grimm
full	ADJ	grimm
wild	ADJ	grimm
certain	ADJ	grimm
whole	ADJ	grimm
wild	ADJ	grimm
next	ADJ	grimm
safe	ADJ	grimm
unharmed	ADJ	grimm
own	ADJ	grimm
great	ADJ	grimm
full	ADJ	grimm
wild	ADJ	grimm
more	ADJ	grimm
aware	ADJ	grimm
thoughtful	ADJ	grimm
sad	ADJ	grimm
great	ADJ	grimm
divine	ADJ	grimm
miraculous	ADJ	grimm
young	ADJ	grimm
white	ADJ	grimm
undecided	ADJ	grimm
worthy	ADJ	grimm
clever	ADJ	grimm
full	ADJ	grimm
esteemed	ADJ	grimm
friendly	ADJ	grimm
good	ADJ	grimm
dear	ADJ	grimm
hard	ADJ	grimm
full	ADJ	grimm
long	ADJ	grimm
wretched	ADJ	grimm
piebald	ADJ	grimm
hungry	ADJ	grimm
many	ADJ	grimm
sorry	ADJ	grimm
able	ADJ	grimm
clever	ADJ	grimm
dear	ADJ	grimm
poor	ADJ	grimm
wide	ADJ	grimm
little	ADJ	grimm
different	ADJ	grimm
eld	ADJ	grimm
eld	ADJ	grimm
cunning	ADJ	grimm
other	ADJ	grimm
honest	ADJ	grimm
fair	ADJ	grimm
young	ADJ	grimm
clever	ADJ	grimm
second	ADJ	grimm
noble	ADJ	grimm
skilful	ADJ	grimm
third	ADJ	grimm
clever	ADJ	grimm
sure	ADJ	grimm
young	ADJ	grimm
like	ADJ	grimm
young	ADJ	grimm
cross	ADJ	grimm
-	ADJ	grimm
legged	ADJ	grimm
well	ADJ	grimm
soft	ADJ	grimm
hard	ADJ	grimm
fine	ADJ	grimm
other	ADJ	grimm
high	ADJ	grimm
second	ADJ	grimm
many	ADJ	grimm
eld	ADJ	grimm
cunning	ADJ	grimm
fifth	ADJ	grimm
young	ADJ	grimm
young	ADJ	grimm
few	ADJ	grimm
little	ADJ	grimm
red	ADJ	grimm
old	ADJ	grimm
good	ADJ	grimm
worth	ADJ	grimm
sure	ADJ	grimm
great	ADJ	grimm
mighty	ADJ	grimm
other	ADJ	grimm
free	ADJ	grimm
close	ADJ	grimm
right	ADJ	grimm
asleep	ADJ	grimm
beautiful	ADJ	grimm
young	ADJ	grimm
full	ADJ	grimm
dead	ADJ	grimm
safe	ADJ	grimm
great	ADJ	grimm
open	ADJ	grimm
few	ADJ	grimm
few	ADJ	grimm
large	ADJ	grimm
ready	ADJ	grimm
safe	ADJ	grimm
great	ADJ	grimm
right	ADJ	grimm
young	ADJ	grimm
good	ADJ	grimm
great	ADJ	grimm
well	ADJ	grimm
good	ADJ	grimm
well	ADJ	grimm
young	ADJ	grimm
eld	ADJ	grimm
second	ADJ	grimm
third	ADJ	grimm
dear	ADJ	grimm
easy	ADJ	grimm
pretty	ADJ	grimm
fond	ADJ	grimm
eld	ADJ	grimm
dear	ADJ	grimm
fine	ADJ	grimm
other	ADJ	grimm
half	ADJ	grimm
fine	ADJ	grimm
full	ADJ	grimm
other	ADJ	grimm
dreary	ADJ	grimm
lucky	ADJ	grimm
beautiful	ADJ	grimm
fine	ADJ	grimm
pleased	ADJ	grimm
fierce	ADJ	grimm
alive	ADJ	grimm
unwilling	ADJ	grimm
young	ADJ	grimm
frightened	ADJ	grimm
last	ADJ	grimm
heavy	ADJ	grimm
young	ADJ	grimm
glad	ADJ	grimm
sorrowful	ADJ	grimm
dear	ADJ	grimm
high	ADJ	grimm
wild	ADJ	grimm
dear	ADJ	grimm
safe	ADJ	grimm
next	ADJ	grimm
bold	ADJ	grimm
enchanted	ADJ	grimm
right	ADJ	grimm
long	ADJ	grimm
great	ADJ	grimm
eld	ADJ	grimm
more	ADJ	grimm
overjoyed	ADJ	grimm
dead	ADJ	grimm
happy	ADJ	grimm
second	ADJ	grimm
hazardous	ADJ	grimm
least	ADJ	grimm
bad	ADJ	grimm
long	ADJ	grimm
little	ADJ	grimm
large	ADJ	grimm
thick	ADJ	grimm
great	ADJ	grimm
small	ADJ	grimm
white	ADJ	grimm
white	ADJ	grimm
free	ADJ	grimm
poor	ADJ	grimm
white	ADJ	grimm
wide	ADJ	grimm
right	ADJ	grimm
left	ADJ	grimm
glad	ADJ	grimm
white	ADJ	grimm
white	ADJ	grimm
white	ADJ	grimm
blow	ADJ	grimm
white	ADJ	grimm
other	ADJ	grimm
east	ADJ	grimm
white	ADJ	grimm
enchanted	ADJ	grimm
right	ADJ	grimm
many	ADJ	grimm
own	ADJ	grimm
winged	ADJ	grimm
beloved	ADJ	grimm
possible	ADJ	grimm
half	ADJ	grimm
high	ADJ	grimm
able	ADJ	grimm
whole	ADJ	grimm
poor	ADJ	grimm
eleventh	ADJ	grimm
unhappy	ADJ	grimm
forlorn	ADJ	grimm
long	ADJ	grimm
long	ADJ	grimm
ready	ADJ	grimm
about	ADJ	grimm
dazzling	ADJ	grimm
last	ADJ	grimm
asleep	ADJ	grimm
poor	ADJ	grimm
golden	ADJ	grimm
pure	ADJ	grimm
old	ADJ	grimm
beautiful	ADJ	grimm
pleased	ADJ	grimm
whole	ADJ	grimm
poor	ADJ	grimm
faithful	ADJ	grimm
true	ADJ	grimm
beloved	ADJ	grimm
strange	ADJ	grimm
lucky	ADJ	grimm
half	ADJ	grimm
large	ADJ	grimm
comely	ADJ	grimm
fair	ADJ	grimm
excellent	ADJ	grimm
faithful	ADJ	grimm
old	ADJ	grimm
more	ADJ	grimm
stable	ADJ	grimm
strong	ADJ	grimm
adrift	ADJ	grimm
poor	ADJ	grimm
melancholy	ADJ	grimm
little	ADJ	grimm
cold	ADJ	grimm
lonely	ADJ	grimm
many	ADJ	grimm
adrift	ADJ	grimm
strong	ADJ	grimm
good	ADJ	grimm
stiff	ADJ	grimm
dead	ADJ	grimm
close	ADJ	grimm
little	ADJ	grimm
dead	ADJ	grimm
excellent	ADJ	grimm
pleased	ADJ	grimm
able	ADJ	grimm
fast	ADJ	grimm
fast	ADJ	grimm
free	ADJ	grimm
well	ADJ	grimm
old	ADJ	grimm
stable	ADJ	grimm
poor	ADJ	grimm
old	ADJ	grimm
blue	ADJ	grimm
many	ADJ	grimm
many	ADJ	grimm
more	ADJ	grimm
troubled	ADJ	grimm
whole	ADJ	grimm
little	ADJ	grimm
compassionate	ADJ	grimm
next	ADJ	grimm
more	ADJ	grimm
small	ADJ	grimm
whole	ADJ	grimm
more	ADJ	grimm
trifling	ADJ	grimm
old	ADJ	grimm
dry	ADJ	grimm
blue	ADJ	grimm
next	ADJ	grimm
old	ADJ	grimm
blue	ADJ	grimm
blue	ADJ	grimm
evil	ADJ	grimm
poor	ADJ	grimm
moist	ADJ	grimm
blue	ADJ	grimm
full	ADJ	grimm
last	ADJ	grimm
blue	ADJ	grimm
little	ADJ	grimm
black	ADJ	grimm
little	ADJ	grimm
good	ADJ	grimm
first	ADJ	grimm
little	ADJ	grimm
underground	ADJ	grimm
blue	ADJ	grimm
much	ADJ	grimm
little	ADJ	grimm
old	ADJ	grimm
short	ADJ	grimm
wild	ADJ	grimm
little	ADJ	grimm
further	ADJ	grimm
more	ADJ	grimm
blue	ADJ	grimm
good	ADJ	grimm
handsome	ADJ	grimm
handsome	ADJ	grimm
possible	ADJ	grimm
ready	ADJ	grimm
little	ADJ	grimm
black	ADJ	grimm
little	ADJ	grimm
easy	ADJ	grimm
dangerous	ADJ	grimm
ill	ADJ	grimm
open	ADJ	grimm
clean	ADJ	grimm
half	ADJ	grimm
first	ADJ	grimm
royal	ADJ	grimm
next	ADJ	grimm
strange	ADJ	grimm
menial	ADJ	grimm
tired	ADJ	grimm
true	ADJ	grimm
full	ADJ	grimm
small	ADJ	grimm
unseen	ADJ	grimm
crafty	ADJ	grimm
next	ADJ	grimm
vain	ADJ	grimm
poor	ADJ	grimm
last	ADJ	grimm
black	ADJ	grimm
third	ADJ	grimm
next	ADJ	grimm
entire	ADJ	grimm
valuable	ADJ	grimm
blue	ADJ	grimm
kind	ADJ	grimm
small	ADJ	grimm
alone	ADJ	grimm
black	ADJ	grimm
latter	ADJ	grimm
blue	ADJ	grimm
next	ADJ	grimm
wicked	ADJ	grimm
last	ADJ	grimm
more	ADJ	grimm
blue	ADJ	grimm
few	ADJ	grimm
small	ADJ	grimm
false	ADJ	grimm
ill	ADJ	grimm
own	ADJ	grimm
little	ADJ	grimm
young	ADJ	grimm
troublesome	ADJ	grimm
impatient	ADJ	grimm
little	ADJ	grimm
open	ADJ	grimm
dark	ADJ	grimm
long	ADJ	grimm
free	ADJ	grimm
old	ADJ	grimm
deep	ADJ	grimm
able	ADJ	grimm
large	ADJ	grimm
successive	ADJ	grimm
first	ADJ	grimm
white	ADJ	grimm
second	ADJ	grimm
last	ADJ	grimm
black	ADJ	grimm
awake	ADJ	grimm
free	ADJ	grimm
unable	ADJ	grimm
old	ADJ	grimm
poor	ADJ	grimm
tired	ADJ	grimm
least	ADJ	grimm
unable	ADJ	grimm
little	ADJ	grimm
awake	ADJ	grimm
own	ADJ	grimm
deep	ADJ	grimm
white	ADJ	grimm
asleep	ADJ	grimm
asleep	ADJ	grimm
next	ADJ	grimm
old	ADJ	grimm
persistent	ADJ	grimm
tired	ADJ	grimm
able	ADJ	grimm
upright	ADJ	grimm
asleep	ADJ	grimm
asleep	ADJ	grimm
impossible	ADJ	grimm
following	ADJ	grimm
old	ADJ	grimm
unable	ADJ	grimm
deep	ADJ	grimm
usual	ADJ	grimm
overcome	ADJ	grimm
previous	ADJ	grimm
black	ADJ	grimm
sad	ADJ	grimm
asleep	ADJ	grimm
able	ADJ	grimm
free	ADJ	grimm
able	ADJ	grimm
free	ADJ	grimm
golden	ADJ	grimm
golden	ADJ	grimm
late	ADJ	grimm
eager	ADJ	grimm
long	ADJ	grimm
last	ADJ	grimm
dark	ADJ	grimm
asleep	ADJ	grimm
next	ADJ	grimm
impossible	ADJ	grimm
dark	ADJ	grimm
little	ADJ	grimm
small	ADJ	grimm
immense	ADJ	grimm
worth	ADJ	grimm
much	ADJ	grimm
lucky	ADJ	grimm
long	ADJ	grimm
enough	ADJ	grimm
drunk	ADJ	grimm
unconsumed	ADJ	grimm
pleased	ADJ	grimm
good	ADJ	grimm
giant	ADJ	grimm
large	ADJ	grimm
long	ADJ	grimm
own	ADJ	grimm
other	ADJ	grimm
old	ADJ	grimm
many	ADJ	grimm
able	ADJ	grimm
able	ADJ	grimm
golden	ADJ	grimm
enchanted	ADJ	grimm
overjoyed	ADJ	grimm
slippery	ADJ	grimm
impossible	ADJ	grimm
little	ADJ	grimm
whole	ADJ	grimm
unable	ADJ	grimm
near	ADJ	grimm
furious	ADJ	grimm
third	ADJ	grimm
open	ADJ	grimm
invisible	ADJ	grimm
unable	ADJ	grimm
common	ADJ	grimm
more	ADJ	grimm
true	ADJ	grimm
visible	ADJ	grimm
satisfied	ADJ	grimm
open	ADJ	grimm
golden	ADJ	grimm
full	ADJ	grimm
own	ADJ	grimm
free	ADJ	grimm
free	ADJ	grimm
golden	ADJ	grimm
young	ADJ	grimm
eld	ADJ	grimm
beautiful	ADJ	grimm
sweet	ADJ	grimm
little	ADJ	grimm
grey	ADJ	grimm
haired	ADJ	grimm
old	ADJ	grimm
good	ADJ	grimm
hungry	ADJ	grimm
thirsty	ADJ	grimm
clever	ADJ	grimm
little	ADJ	grimm
false	ADJ	grimm
little	ADJ	grimm
second	ADJ	grimm
eld	ADJ	grimm
little	ADJ	grimm
old	ADJ	grimm
grey	ADJ	grimm
second	ADJ	grimm
little	ADJ	grimm
few	ADJ	grimm
wise	ADJ	grimm
sour	ADJ	grimm
little	ADJ	grimm
old	ADJ	grimm
grey	ADJ	grimm
hungry	ADJ	grimm
thirsty	ADJ	grimm
sour	ADJ	grimm
fine	ADJ	grimm
sweet	ADJ	grimm
sour	ADJ	grimm
good	ADJ	grimm
little	ADJ	grimm
good	ADJ	grimm
willing	ADJ	grimm
good	ADJ	grimm
old	ADJ	grimm
little	ADJ	grimm
pure	ADJ	grimm
curious	ADJ	grimm
wonderful	ADJ	grimm
golden	ADJ	grimm
eld	ADJ	grimm
second	ADJ	grimm
last	ADJ	grimm
like	ADJ	grimm
next	ADJ	grimm
good	ADJ	grimm
young	ADJ	grimm
seemly	ADJ	grimm
same	ADJ	grimm
young	ADJ	grimm
other	ADJ	grimm
free	ADJ	grimm
serious	ADJ	grimm
able	ADJ	grimm
other	ADJ	grimm
little	ADJ	grimm
grey	ADJ	grimm
same	ADJ	grimm
sorrowful	ADJ	grimm
great	ADJ	grimm
cold	ADJ	grimm
hot	ADJ	grimm
satisfied	ADJ	grimm
huge	ADJ	grimm
more	ADJ	grimm
ugly	ADJ	grimm
new	ADJ	grimm
whole	ADJ	grimm
same	ADJ	grimm
awful	ADJ	grimm
whole	ADJ	grimm
good	ADJ	grimm
empty	ADJ	grimm
glad	ADJ	grimm
full	ADJ	grimm
whole	ADJ	grimm
huge	ADJ	grimm
baked	ADJ	grimm
whole	ADJ	grimm
third	ADJ	grimm
little	ADJ	grimm
grey	ADJ	grimm
kind	ADJ	grimm
long	ADJ	grimm
great	ADJ	grimm
ill	ADJ	grimm
ill	ADJ	grimm
little	ADJ	grimm
old	ADJ	grimm
ill	ADJ	grimm
afraid	ADJ	grimm
little	ADJ	grimm
old	ADJ	grimm
hard	ADJ	grimm
eld	ADJ	grimm
sick	ADJ	grimm
only	ADJ	grimm
such	ADJ	grimm
great	ADJ	grimm
sole	ADJ	grimm
deep	ADJ	grimm
overhung	ADJ	grimm
little	ADJ	grimm
ugly	ADJ	grimm
scarlet	ADJ	grimm
imp	ADJ	grimm
narrow	ADJ	grimm
narrow	ADJ	grimm
last	ADJ	grimm
loud	ADJ	grimm
unable	ADJ	grimm
spellbound	ADJ	grimm
old	ADJ	grimm
daily	ADJ	grimm
last	ADJ	grimm
second	ADJ	grimm
dead	ADJ	grimm
unwilling	ADJ	grimm
last	ADJ	grimm
same	ADJ	grimm
same	ADJ	grimm
same	ADJ	grimm
own	ADJ	grimm
same	ADJ	grimm
elder	ADJ	grimm
last	ADJ	grimm
proud	ADJ	grimm
silly	ADJ	grimm
proud	ADJ	grimm
second	ADJ	grimm
long	ADJ	grimm
young	ADJ	grimm
able	ADJ	grimm
same	ADJ	grimm
ill	ADJ	grimm
kind	ADJ	grimm
wise	ADJ	grimm
enchanted	ADJ	grimm
able	ADJ	grimm
little	ADJ	grimm
hungry	ADJ	grimm
little	ADJ	grimm
scarlet	ADJ	grimm
friendly	ADJ	grimm
open	ADJ	grimm
third	ADJ	grimm
beautiful	ADJ	grimm
several	ADJ	grimm
own	ADJ	grimm
beautiful	ADJ	grimm
young	ADJ	grimm
free	ADJ	grimm
beautiful	ADJ	grimm
delightful	ADJ	grimm
shady	ADJ	grimm
tired	ADJ	grimm
lovely	ADJ	grimm
frightened	ADJ	grimm
full	ADJ	grimm
safe	ADJ	grimm
overjoyed	ADJ	grimm
little	ADJ	grimm
noble	ADJ	grimm
whole	ADJ	grimm
dear	ADJ	grimm
proud	ADJ	grimm
free	ADJ	grimm
bad	ADJ	grimm
full	ADJ	grimm
beautiful	ADJ	grimm
free	ADJ	grimm
whole	ADJ	grimm
dreadful	ADJ	grimm
wonderful	ADJ	grimm
more	ADJ	grimm
same	ADJ	grimm
other	ADJ	grimm
eld	ADJ	grimm
full	ADJ	grimm
asleep	ADJ	grimm
bitter	ADJ	grimm
young	ADJ	grimm
sick	ADJ	grimm
bitter	ADJ	grimm
bad	ADJ	grimm
eld	ADJ	grimm
young	ADJ	grimm
strong	ADJ	grimm
young	ADJ	grimm
open	ADJ	grimm
next	ADJ	grimm
beautiful	ADJ	grimm
quiet	ADJ	grimm
old	ADJ	grimm
angry	ADJ	grimm
young	ADJ	grimm
chief	ADJ	grimm
alone	ADJ	grimm
sorrowful	ADJ	grimm
hard	ADJ	grimm
angry	ADJ	grimm
royal	ADJ	grimm
shabby	ADJ	grimm
sure	ADJ	grimm
glad	ADJ	grimm
shabby	ADJ	grimm
grand	ADJ	grimm
old	ADJ	grimm
rich	ADJ	grimm
precious	ADJ	grimm
young	ADJ	grimm
old	ADJ	grimm
guiltless	ADJ	grimm
alive	ADJ	grimm
alive	ADJ	grimm
glad	ADJ	grimm
royal	ADJ	grimm
overwhelmed	ADJ	grimm
true	ADJ	grimm
sure	ADJ	grimm
right	ADJ	grimm
eld	ADJ	grimm
free	ADJ	grimm
golden	ADJ	grimm
beautiful	ADJ	grimm
right	ADJ	grimm
second	ADJ	grimm
same	ADJ	grimm
golden	ADJ	grimm
beautiful	ADJ	grimm
left	ADJ	grimm
true	ADJ	grimm
full	ADJ	grimm
round	ADJ	grimm
third	ADJ	grimm
open	ADJ	grimm
first	ADJ	grimm
old	ADJ	grimm
angry	ADJ	grimm
wicked	ADJ	grimm
wide	ADJ	grimm
old	ADJ	grimm
young	ADJ	grimm
old	ADJ	grimm
noble	ADJ	grimm
gentle	ADJ	grimm
simple	ADJ	grimm
friendly	ADJ	grimm
new	ADJ	grimm
scarlet	ADJ	grimm
merry	ADJ	grimm
good	ADJ	grimm
happy	ADJ	grimm
sick	ADJ	grimm
beloved	ADJ	grimm
latter	ADJ	grimm
ill	ADJ	grimm
dear	ADJ	grimm
certain	ADJ	grimm
such	ADJ	grimm
dear	ADJ	grimm
first	ADJ	grimm
sad	ADJ	grimm
dear	ADJ	grimm
possible	ADJ	grimm
whole	ADJ	grimm
young	ADJ	grimm
twelfth	ADJ	grimm
former	ADJ	grimm
such	ADJ	grimm
handsome	ADJ	grimm
wondrous	ADJ	grimm
secret	ADJ	grimm
mistaken	ADJ	grimm
true	ADJ	grimm
firm	ADJ	grimm
pleased	ADJ	grimm
next	ADJ	grimm
strong	ADJ	grimm
sure	ADJ	grimm
pleased	ADJ	grimm
disposed	ADJ	grimm
alone	ADJ	grimm
next	ADJ	grimm
true	ADJ	grimm
dear	ADJ	grimm
first	ADJ	grimm
other	ADJ	grimm
own	ADJ	grimm
old	ADJ	grimm
new	ADJ	grimm
golden	ADJ	grimm
young	ADJ	grimm
able	ADJ	grimm
laden	ADJ	grimm
great	ADJ	grimm
rich	ADJ	grimm
poor	ADJ	grimm
small	ADJ	grimm
little	ADJ	grimm
brown	ADJ	grimm
great	ADJ	grimm
sudden	ADJ	grimm
little	ADJ	grimm
looking	ADJ	grimm
black	ADJ	grimm
sorrowful	ADJ	grimm
little	ADJ	grimm
little	ADJ	grimm
great	ADJ	grimm
little	ADJ	grimm
little	ADJ	grimm
glad	ADJ	grimm
fast	ADJ	grimm
easy	ADJ	grimm
old	ADJ	grimm
little	ADJ	grimm
large	ADJ	grimm
rich	ADJ	grimm
little	ADJ	grimm
sad	ADJ	grimm
thoughtful	ADJ	grimm
little	ADJ	grimm
looking	ADJ	grimm
black	ADJ	grimm
little	ADJ	grimm
much	ADJ	grimm
little	ADJ	grimm
little	ADJ	grimm
black	ADJ	grimm
last	ADJ	grimm
good	ADJ	grimm
fond	ADJ	grimm
good	ADJ	grimm
old	ADJ	grimm
fair	ADJ	grimm
little	ADJ	grimm
old	ADJ	grimm
right	ADJ	grimm
good	ADJ	grimm
old	ADJ	grimm
glad	ADJ	grimm
last	ADJ	grimm
long	ADJ	grimm
other	ADJ	grimm
own	ADJ	grimm
anxious	ADJ	grimm
open	ADJ	grimm
own	ADJ	grimm
adrift	ADJ	grimm
bad	ADJ	grimm
good	ADJ	grimm
low	ADJ	grimm
poor	ADJ	grimm
sorrowful	ADJ	grimm
good	ADJ	grimm
young	ADJ	grimm
safe	ADJ	grimm
unknown	ADJ	grimm
beautiful	ADJ	grimm
empty	ADJ	grimm
dreary	ADJ	grimm
good	ADJ	grimm
whole	ADJ	grimm
white	ADJ	grimm
enchanted	ADJ	grimm
glad	ADJ	grimm
last	ADJ	grimm
free	ADJ	grimm
long	ADJ	grimm
black	ADJ	grimm
second	ADJ	grimm
third	ADJ	grimm
twelfth	ADJ	grimm
free	ADJ	grimm
third	ADJ	grimm
clad	ADJ	grimm
neighbouring	ADJ	grimm
old	ADJ	grimm
unknown	ADJ	grimm
poor	ADJ	grimm
dead	ADJ	grimm
poor	ADJ	grimm
right	ADJ	grimm
true	ADJ	grimm
married	ADJ	grimm
old	ADJ	grimm
true	ADJ	grimm
fine	ADJ	grimm
bad	ADJ	grimm
last	ADJ	grimm
adrift	ADJ	grimm
wide	ADJ	grimm
tired	ADJ	grimm
asleep	ADJ	grimm
little	ADJ	grimm
sharp	ADJ	grimm
invisible	ADJ	grimm
wonderful	ADJ	grimm
dead	ADJ	grimm
merry	ADJ	grimm
about	ADJ	grimm
empty	ADJ	grimm
free	ADJ	grimm
false	ADJ	grimm
fickle	ADJ	grimm
free	ADJ	grimm
such	ADJ	grimm
great	ADJ	grimm
more	ADJ	grimm
poor	ADJ	grimm
first	ADJ	grimm
second	ADJ	grimm
long	ADJ	grimm
rich	ADJ	grimm
great	ADJ	grimm
such	ADJ	grimm
willing	ADJ	grimm
first	ADJ	grimm
delicate	ADJ	grimm
first	ADJ	grimm
first	ADJ	grimm
first	ADJ	grimm
first	ADJ	grimm
second	ADJ	grimm
alarmed	ADJ	grimm
third	ADJ	grimm
fourth	ADJ	grimm
poor	ADJ	grimm
uneasy	ADJ	grimm
heavy	ADJ	grimm
satisfied	ADJ	grimm
fifth	ADJ	grimm
more	ADJ	grimm
full	ADJ	grimm
much	ADJ	grimm
renowned	ADJ	grimm
last	ADJ	grimm
little	ADJ	grimm
pretty	ADJ	grimm
weak	ADJ	grimm
small	ADJ	grimm
other	ADJ	grimm
uneasy	ADJ	grimm
young	ADJ	grimm
whole	ADJ	grimm
black	ADJ	grimm
round	ADJ	grimm
dear	ADJ	grimm
little	ADJ	grimm
strong	ADJ	grimm
beautiful	ADJ	grimm
long	ADJ	grimm
beautiful	ADJ	grimm
innocent	ADJ	grimm
little	ADJ	grimm
wide	ADJ	grimm
little	ADJ	grimm
hungry	ADJ	grimm
little	ADJ	grimm
thirsty	ADJ	grimm
little	ADJ	grimm
weary	ADJ	grimm
hot	ADJ	grimm
fiery	ADJ	grimm
cold	ADJ	grimm
chilly	ADJ	grimm
friendly	ADJ	grimm
kind	ADJ	grimm
own	ADJ	grimm
little	ADJ	grimm
little	ADJ	grimm
little	ADJ	grimm
little	ADJ	grimm
little	ADJ	grimm
little	ADJ	grimm
good	ADJ	grimm
faithful	ADJ	grimm
little	ADJ	grimm
little	ADJ	grimm
little	ADJ	grimm
little	ADJ	grimm
ready	ADJ	grimm
little	ADJ	grimm
little	ADJ	grimm
little	ADJ	grimm
small	ADJ	grimm
little	ADJ	grimm
small	ADJ	grimm
last	ADJ	grimm
little	ADJ	grimm
other	ADJ	grimm
little	ADJ	grimm
little	ADJ	grimm
seventh	ADJ	grimm
little	ADJ	grimm
free	ADJ	grimm
little	ADJ	grimm
right	ADJ	grimm
other	ADJ	grimm
old	ADJ	grimm
faithful	ADJ	grimm
dead	ADJ	grimm
old	ADJ	grimm
dead	ADJ	grimm
young	ADJ	grimm
warm	ADJ	grimm
little	ADJ	grimm
red	ADJ	grimm
old	ADJ	grimm
dead	ADJ	grimm
young	ADJ	grimm
young	ADJ	grimm
little	ADJ	grimm
dear	ADJ	grimm
beautiful	ADJ	grimm
late	ADJ	grimm
first	ADJ	grimm
more	ADJ	grimm
other	ADJ	grimm
last	ADJ	grimm
old	ADJ	grimm
old	ADJ	grimm
old	ADJ	grimm
old	ADJ	grimm
dead	ADJ	grimm
good	ADJ	grimm
good	ADJ	grimm
sweet	ADJ	grimm
sorrowful	ADJ	grimm
sore	ADJ	grimm
old	ADJ	grimm
more	ADJ	grimm
good	ADJ	grimm
red	ADJ	grimm
pointed	ADJ	grimm
other	ADJ	grimm
good	ADJ	grimm
old	ADJ	grimm
young	ADJ	grimm
red	ADJ	grimm
little	ADJ	grimm
pointed	ADJ	grimm
clean	ADJ	grimm
old	ADJ	grimm
many	ADJ	grimm
fine	ADJ	grimm
young	ADJ	grimm
merry	ADJ	grimm
young	ADJ	grimm
little	ADJ	grimm
old	ADJ	grimm
good	ADJ	grimm
good	ADJ	grimm
merry	ADJ	grimm
hungry	ADJ	grimm
thirsty	ADJ	grimm
little	ADJ	grimm
dead	ADJ	grimm
dead	ADJ	grimm
good	ADJ	grimm
fine	ADJ	grimm
other	ADJ	grimm
wonderful	ADJ	grimm
old	ADJ	grimm
dead	ADJ	grimm
old	ADJ	grimm
next	ADJ	grimm
same	ADJ	grimm
next	ADJ	grimm
great	ADJ	grimm
last	ADJ	grimm
thick	ADJ	grimm
large	ADJ	grimm
green	ADJ	grimm
old	ADJ	grimm
beautiful	ADJ	grimm
young	ADJ	grimm
old	ADJ	grimm
young	ADJ	grimm
young	ADJ	grimm
wonderful	ADJ	grimm
dear	ADJ	grimm
fit	ADJ	grimm
long	ADJ	grimm
enough	ADJ	grimm
real	ADJ	grimm
more	ADJ	grimm
beautiful	ADJ	grimm
old	ADJ	grimm
more	ADJ	grimm
young	ADJ	grimm
old	ADJ	grimm
old	ADJ	grimm
young	ADJ	grimm
angry	ADJ	grimm
rare	ADJ	grimm
wonderful	ADJ	grimm
old	ADJ	grimm
sorrowful	ADJ	grimm
sad	ADJ	grimm
dear	ADJ	grimm
costly	ADJ	grimm
sorrowful	ADJ	grimm
delighted	ADJ	grimm
fine	ADJ	grimm
old	ADJ	grimm
deep	ADJ	grimm
young	ADJ	grimm
little	ADJ	grimm
tired	ADJ	grimm
asleep	ADJ	grimm
own	ADJ	grimm
alone	ADJ	grimm
great	ADJ	grimm
fierce	ADJ	grimm
asleep	ADJ	grimm
sound	ADJ	grimm
first	ADJ	grimm
second	ADJ	grimm
worth	ADJ	grimm
short	ADJ	grimm
bad	ADJ	grimm
fine	ADJ	grimm
hungry	ADJ	grimm
nice	ADJ	grimm
lucky	ADJ	grimm
old	ADJ	grimm
little	ADJ	grimm
next	ADJ	grimm
bad	ADJ	grimm
few	ADJ	grimm
brown	ADJ	grimm
tired	ADJ	grimm
fine	ADJ	grimm
lucky	ADJ	grimm
young	ADJ	grimm
beautiful	ADJ	grimm
sure	ADJ	grimm
bad	ADJ	grimm
ready	ADJ	grimm
few	ADJ	grimm
own	ADJ	grimm
ready	ADJ	grimm
old	ADJ	grimm
other	ADJ	grimm
beautiful	ADJ	grimm
young	ADJ	grimm
right	ADJ	grimm
young	ADJ	grimm
tiresome	ADJ	grimm
other	ADJ	grimm
old	ADJ	grimm
next	ADJ	grimm
young	ADJ	grimm
beautiful	ADJ	grimm
old	ADJ	grimm
dead	ADJ	grimm
other	ADJ	grimm
alive	ADJ	grimm
sorrowful	ADJ	grimm
good	ADJ	grimm
beautiful	ADJ	grimm
young	ADJ	grimm
dear	ADJ	grimm
same	ADJ	grimm
certain	ADJ	grimm
smart	ADJ	grimm
sensible	ADJ	grimm
young	ADJ	grimm
stupid	ADJ	grimm
late	ADJ	grimm
other	ADJ	grimm
dismal	ADJ	grimm
afraid	ADJ	grimm
young	ADJ	grimm
fellow	ADJ	grimm
tall	ADJ	grimm
strong	ADJ	grimm
willing	ADJ	grimm
eld	ADJ	grimm
good	ADJ	grimm
young	ADJ	grimm
backward	ADJ	grimm
glad	ADJ	grimm
little	ADJ	grimm
white	ADJ	grimm
motionless	ADJ	grimm
second	ADJ	grimm
honest	ADJ	grimm
bad	ADJ	grimm
third	ADJ	grimm
asleep	ADJ	grimm
long	ADJ	grimm
uneasy	ADJ	grimm
other	ADJ	grimm
sorry	ADJ	grimm
loud	ADJ	grimm
great	ADJ	grimm
good	ADJ	grimm
wicked	ADJ	grimm
innocent	ADJ	grimm
more	ADJ	grimm
same	ADJ	grimm
wide	ADJ	grimm
ashamed	ADJ	grimm
more	ADJ	grimm
great	ADJ	grimm
little	ADJ	grimm
cold	ADJ	grimm
warm	ADJ	grimm
hanged	ADJ	grimm
other	ADJ	grimm
unbound	ADJ	grimm
other	ADJ	grimm
dead	ADJ	grimm
silent	ADJ	grimm
angry	ADJ	grimm
asleep	ADJ	grimm
next	ADJ	grimm
stupid	ADJ	grimm
few	ADJ	grimm
old	ADJ	grimm
enough	ADJ	grimm
foolish	ADJ	grimm
good	ADJ	grimm
silent	ADJ	grimm
many	ADJ	grimm
such	ADJ	grimm
beautiful	ADJ	grimm
difficult	ADJ	grimm
latter	ADJ	grimm
haunted	ADJ	grimm
beautiful	ADJ	grimm
great	ADJ	grimm
evil	ADJ	grimm
poor	ADJ	grimm
rich	ADJ	grimm
many	ADJ	grimm
next	ADJ	grimm
haunted	ADJ	grimm
bright	ADJ	grimm
cold	ADJ	grimm
cold	ADJ	grimm
great	ADJ	grimm
black	ADJ	grimm
tremendous	ADJ	grimm
fiery	ADJ	grimm
short	ADJ	grimm
long	ADJ	grimm
fast	ADJ	grimm
dead	ADJ	grimm
about	ADJ	grimm
black	ADJ	grimm
black	ADJ	grimm
red	ADJ	grimm
hot	ADJ	grimm
more	ADJ	grimm
more	ADJ	grimm
last	ADJ	grimm
open	ADJ	grimm
great	ADJ	grimm
very	ADJ	grimm
own	ADJ	grimm
right	ADJ	grimm
evil	ADJ	grimm
dead	ADJ	grimm
handsome	ADJ	grimm
glad	ADJ	grimm
past	ADJ	grimm
alive	ADJ	grimm
second	ADJ	grimm
old	ADJ	grimm
old	ADJ	grimm
low	ADJ	grimm
quiet	ADJ	grimm
loud	ADJ	grimm
enough	ADJ	grimm
other	ADJ	grimm
little	ADJ	grimm
hideous	ADJ	grimm
own	ADJ	grimm
more	ADJ	grimm
other	ADJ	grimm
dead	ADJ	grimm
round	ADJ	grimm
round	ADJ	grimm
asleep	ADJ	grimm
next	ADJ	grimm
wonderful	ADJ	grimm
third	ADJ	grimm
tall	ADJ	grimm
little	ADJ	grimm
few	ADJ	grimm
little	ADJ	grimm
dead	ADJ	grimm
cold	ADJ	grimm
little	ADJ	grimm
dead	ADJ	grimm
cold	ADJ	grimm
good	ADJ	grimm
other	ADJ	grimm
short	ADJ	grimm
dead	ADJ	grimm
warm	ADJ	grimm
little	ADJ	grimm
dead	ADJ	grimm
tall	ADJ	grimm
terrible	ADJ	grimm
old	ADJ	grimm
long	ADJ	grimm
white	ADJ	grimm
big	ADJ	grimm
strong	ADJ	grimm
strong	ADJ	grimm
old	ADJ	grimm
strong	ADJ	grimm
dark	ADJ	grimm
other	ADJ	grimm
old	ADJ	grimm
white	ADJ	grimm
old	ADJ	grimm
old	ADJ	grimm
great	ADJ	grimm
old	ADJ	grimm
full	ADJ	grimm
poor	ADJ	grimm
other	ADJ	grimm
third	ADJ	grimm
able	ADJ	grimm
next	ADJ	grimm
dead	ADJ	grimm
bearded	ADJ	grimm
great	ADJ	grimm
much	ADJ	grimm
young	ADJ	grimm
happy	ADJ	grimm
whole	ADJ	grimm
young	ADJ	grimm
full	ADJ	grimm
cold	ADJ	grimm
little	ADJ	grimm
dear	ADJ	grimm
great	ADJ	grimm
beautiful	ADJ	grimm
proud	ADJ	grimm
haughty	ADJ	grimm
conceited	ADJ	grimm
good	ADJ	grimm
great	ADJ	grimm
spiteful	ADJ	grimm
first	ADJ	grimm
fat	ADJ	grimm
round	ADJ	grimm
next	ADJ	grimm
tall	ADJ	grimm
next	ADJ	grimm
short	ADJ	grimm
fourth	ADJ	grimm
pale	ADJ	grimm
fifth	ADJ	grimm
red	ADJ	grimm
sixth	ADJ	grimm
straight	ADJ	grimm
green	ADJ	grimm
more	ADJ	grimm
good	ADJ	grimm
old	ADJ	grimm
grisly	ADJ	grimm
grisly	ADJ	grimm
old	ADJ	grimm
angry	ADJ	grimm
willing	ADJ	grimm
unwilling	ADJ	grimm
first	ADJ	grimm
dirty	ADJ	grimm
first	ADJ	grimm
married	ADJ	grimm
ready	ADJ	grimm
great	ADJ	grimm
thine	ADJ	grimm
!	ADJ	grimm
unlucky	ADJ	grimm
fine	ADJ	grimm
beautiful	ADJ	grimm
green	ADJ	grimm
thine	ADJ	grimm
!	ADJ	grimm
unlucky	ADJ	grimm
great	ADJ	grimm
noble	ADJ	grimm
thine	ADJ	grimm
good	ADJ	grimm
small	ADJ	grimm
paltry	ADJ	grimm
little	ADJ	grimm
dirty	ADJ	grimm
tired	ADJ	grimm
scanty	ADJ	grimm
sore	ADJ	grimm
tender	ADJ	grimm
good	ADJ	grimm
many	ADJ	grimm
beautiful	ADJ	grimm
fresh	ADJ	grimm
drunken	ADJ	grimm
silly	ADJ	grimm
earthenware	ADJ	grimm
more	ADJ	grimm
fit	ADJ	grimm
dirty	ADJ	grimm
eld	ADJ	grimm
ready	ADJ	grimm
low	ADJ	grimm
rich	ADJ	grimm
sudden	ADJ	grimm
golden	ADJ	grimm
beautiful	ADJ	grimm
fast	ADJ	grimm
abashed	ADJ	grimm
deep	ADJ	grimm
silly	ADJ	grimm
ill	ADJ	grimm
beautiful	ADJ	grimm
whole	ADJ	grimm
grand	ADJ	grimm
merry	ADJ	grimm
great	ADJ	grimm
full	ADJ	grimm
wild	ADJ	grimm
next	ADJ	grimm
more	ADJ	grimm
third	ADJ	grimm
whole	ADJ	grimm
deep	ADJ	grimm
many	ADJ	grimm
unknown	ADJ	grimm
dangerous	ADJ	grimm
safe	ADJ	grimm
well	ADJ	grimm
own	ADJ	grimm
deep	ADJ	grimm
naked	ADJ	grimm
wild	ADJ	grimm
brown	ADJ	grimm
rusty	ADJ	grimm
great	ADJ	grimm
wild	ADJ	grimm
golden	ADJ	grimm
next	ADJ	grimm
wild	ADJ	grimm
third	ADJ	grimm
wild	ADJ	grimm
open	ADJ	grimm
wild	ADJ	grimm
golden	ADJ	grimm
afraid	ADJ	grimm
wild	ADJ	grimm
wild	ADJ	grimm
hasty	ADJ	grimm
empty	ADJ	grimm
much	ADJ	grimm
royal	ADJ	grimm
wild	ADJ	grimm
dark	ADJ	grimm
free	ADJ	grimm
more	ADJ	grimm
next	ADJ	grimm
bright	ADJ	grimm
clear	ADJ	grimm
polluted	ADJ	grimm
golden	ADJ	grimm
golden	ADJ	grimm
gilded	ADJ	grimm
gilded	ADJ	grimm
third	ADJ	grimm
polluted	ADJ	grimm
third	ADJ	grimm
long	ADJ	grimm
more	ADJ	grimm
long	ADJ	grimm
golden	ADJ	grimm
poor	ADJ	grimm
golden	ADJ	grimm
bad	ADJ	grimm
great	ADJ	grimm
great	ADJ	grimm
unbeaten	ADJ	grimm
great	ADJ	grimm
royal	ADJ	grimm
golden	ADJ	grimm
little	ADJ	grimm
such	ADJ	grimm
royal	ADJ	grimm
bad	ADJ	grimm
sore	ADJ	grimm
bad	ADJ	grimm
warm	ADJ	grimm
little	ADJ	grimm
wild	ADJ	grimm
such	ADJ	grimm
common	ADJ	grimm
pretty	ADJ	grimm
rare	ADJ	grimm
wild	ADJ	grimm
more	ADJ	grimm
seemly	ADJ	grimm
sore	ADJ	grimm
golden	ADJ	grimm
splendid	ADJ	grimm
following	ADJ	grimm
third	ADJ	grimm
same	ADJ	grimm
superior	ADJ	grimm
mighty	ADJ	grimm
stable	ADJ	grimm
lame	ADJ	grimm
dark	ADJ	grimm
wild	ADJ	grimm
strong	ADJ	grimm
wild	ADJ	grimm
stable	ADJ	grimm
great	ADJ	grimm
legged	ADJ	grimm
stable	ADJ	grimm
other	ADJ	grimm
great	ADJ	grimm
little	ADJ	grimm
single	ADJ	grimm
wild	ADJ	grimm
legged	ADJ	grimm
legged	ADJ	grimm
strange	ADJ	grimm
strange	ADJ	grimm
legged	ADJ	grimm
good	ADJ	grimm
great	ADJ	grimm
golden	ADJ	grimm
unknown	ADJ	grimm
golden	ADJ	grimm
safe	ADJ	grimm
red	ADJ	grimm
spirited	ADJ	grimm
golden	ADJ	grimm
second	ADJ	grimm
white	ADJ	grimm
white	ADJ	grimm
only	ADJ	grimm
angry	ADJ	grimm
third	ADJ	grimm
black	ADJ	grimm
black	ADJ	grimm
golden	ADJ	grimm
following	ADJ	grimm
queer	ADJ	grimm
golden	ADJ	grimm
little	ADJ	grimm
golden	ADJ	grimm
handsome	ADJ	grimm
amazed	ADJ	grimm
different	ADJ	grimm
golden	ADJ	grimm
further	ADJ	grimm
such	ADJ	grimm
mighty	ADJ	grimm
great	ADJ	grimm
golden	ADJ	grimm
great	ADJ	grimm
dear	ADJ	grimm
stately	ADJ	grimm
great	ADJ	grimm
wild	ADJ	grimm
free	ADJ	grimm
pure	ADJ	grimm
beautiful	ADJ	grimm
whole	ADJ	grimm
beautiful	ADJ	grimm
ill	ADJ	grimm
beautiful	ADJ	grimm
golden	ADJ	grimm
long	ADJ	grimm
last	ADJ	grimm
wise	ADJ	grimm
wide	ADJ	grimm
beautiful	ADJ	grimm
late	ADJ	grimm
beautiful	ADJ	grimm
golden	ADJ	grimm
beautiful	ADJ	grimm
same	ADJ	grimm
golden	ADJ	grimm
late	ADJ	grimm
very	ADJ	grimm
dead	ADJ	grimm
whole	ADJ	grimm
great	ADJ	grimm
shocked	ADJ	grimm
such	ADJ	grimm
third	ADJ	grimm
dazzling	ADJ	grimm
different	ADJ	grimm
more	ADJ	grimm
skilful	ADJ	grimm
golden	ADJ	grimm
third	ADJ	grimm
sparkling	ADJ	grimm
fine	ADJ	grimm
ready	ADJ	grimm
asleep	ADJ	grimm
golden	ADJ	grimm
golden	ADJ	grimm
golden	ADJ	grimm
whole	ADJ	grimm
large	ADJ	grimm
tired	ADJ	grimm
asleep	ADJ	grimm
round	ADJ	grimm
sharp	ADJ	grimm
hollow	ADJ	grimm
wonderful	ADJ	grimm
such	ADJ	grimm
asleep	ADJ	grimm
alive	ADJ	grimm
frightened	ADJ	grimm
poor	ADJ	grimm
little	ADJ	grimm
dirty	ADJ	grimm
long	ADJ	grimm
pretty	ADJ	grimm
little	ADJ	grimm
little	ADJ	grimm
less	ADJ	grimm
beautiful	ADJ	grimm
little	ADJ	grimm
ready	ADJ	grimm
little	ADJ	grimm
golden	ADJ	grimm
good	ADJ	grimm
frightened	ADJ	grimm
good	ADJ	grimm
true	ADJ	grimm
poor	ADJ	grimm
good	ADJ	grimm
little	ADJ	grimm
silvery	ADJ	grimm
little	ADJ	grimm
golden	ADJ	grimm
fit	ADJ	grimm
ready	ADJ	grimm
third	ADJ	grimm
same	ADJ	grimm
beautiful	ADJ	grimm
long	ADJ	grimm
little	ADJ	grimm
half	ADJ	grimm
fine	ADJ	grimm
white	ADJ	grimm
golden	ADJ	grimm
more	ADJ	grimm
white	ADJ	grimm
fast	ADJ	grimm
little	ADJ	grimm
starry	ADJ	grimm
golden	ADJ	grimm
beautiful	ADJ	grimm
beautiful	ADJ	grimm
beloved	ADJ	grimm
other	ADJ	grimm
merry	ADJ	grimm
other	ADJ	grimm
white	ADJ	grimm
poor	ADJ	grimm
lonely	ADJ	grimm
white	ADJ	grimm
other	ADJ	grimm
red	ADJ	grimm
white	ADJ	grimm
other	ADJ	grimm
red	ADJ	grimm
good	ADJ	grimm
happy	ADJ	grimm
busy	ADJ	grimm
cheerful	ADJ	grimm
quiet	ADJ	grimm
gentle	ADJ	grimm
red	ADJ	grimm
fond	ADJ	grimm
other	ADJ	grimm
other	ADJ	grimm
other	ADJ	grimm
red	ADJ	grimm
little	ADJ	grimm
beautiful	ADJ	grimm
white	ADJ	grimm
few	ADJ	grimm
good	ADJ	grimm
white	ADJ	grimm
little	ADJ	grimm
neat	ADJ	grimm
polished	ADJ	grimm
white	ADJ	grimm
large	ADJ	grimm
white	ADJ	grimm
quick	ADJ	grimm
red	ADJ	grimm
poor	ADJ	grimm
broad	ADJ	grimm
black	ADJ	grimm
white	ADJ	grimm
afraid	ADJ	grimm
frozen	ADJ	grimm
little	ADJ	grimm
poor	ADJ	grimm
white	ADJ	grimm
red	ADJ	grimm
near	ADJ	grimm
afraid	ADJ	grimm
little	ADJ	grimm
clean	ADJ	grimm
clumsy	ADJ	grimm
good	ADJ	grimm
rough	ADJ	grimm
alive	ADJ	grimm
white	ADJ	grimm
red	ADJ	grimm
dead	ADJ	grimm
safe	ADJ	grimm
bad	ADJ	grimm
same	ADJ	grimm
used	ADJ	grimm
black	ADJ	grimm
green	ADJ	grimm
white	ADJ	grimm
whole	ADJ	grimm
dear	ADJ	grimm
white	ADJ	grimm
wicked	ADJ	grimm
sorry	ADJ	grimm
hairy	ADJ	grimm
white	ADJ	grimm
sure	ADJ	grimm
short	ADJ	grimm
big	ADJ	grimm
close	ADJ	grimm
old	ADJ	grimm
withered	ADJ	grimm
white	ADJ	grimm
long	ADJ	grimm
little	ADJ	grimm
fiery	ADJ	grimm
red	ADJ	grimm
little	ADJ	grimm
red	ADJ	grimm
stupid	ADJ	grimm
little	ADJ	grimm
little	ADJ	grimm
heavy	ADJ	grimm
greedy	ADJ	grimm
smooth	ADJ	grimm
beautiful	ADJ	grimm
white	ADJ	grimm
tight	ADJ	grimm
silly	ADJ	grimm
sleek	ADJ	grimm
odious	ADJ	grimm
red	ADJ	grimm
senseless	ADJ	grimm
many	ADJ	grimm
well	ADJ	grimm
impatient	ADJ	grimm
white	ADJ	grimm
free	ADJ	grimm
full	ADJ	grimm
uncouth	ADJ	grimm
fine	ADJ	grimm
bad	ADJ	grimm
white	ADJ	grimm
large	ADJ	grimm
red	ADJ	grimm
accursed	ADJ	grimm
little	ADJ	grimm
big	ADJ	grimm
feeble	ADJ	grimm
upper	ADJ	grimm
little	ADJ	grimm
good	ADJ	grimm
urgent	ADJ	grimm
vain	ADJ	grimm
small	ADJ	grimm
civil	ADJ	grimm
enough	ADJ	grimm
good	ADJ	grimm
huge	ADJ	grimm
large	ADJ	grimm
low	ADJ	grimm
loud	ADJ	grimm
piteous	ADJ	grimm
old	ADJ	grimm
full	ADJ	grimm
tight	ADJ	grimm
little	ADJ	grimm
first	ADJ	grimm
shrill	ADJ	grimm
brown	ADJ	grimm
torn	ADJ	grimm
full	ADJ	grimm
clumsy	ADJ	grimm
full	ADJ	grimm
precious	ADJ	grimm
precious	ADJ	grimm
clean	ADJ	grimm
brilliant	ADJ	grimm
ashen	ADJ	grimm
grey	ADJ	grimm
loud	ADJ	grimm
black	ADJ	grimm
close	ADJ	grimm
beautiful	ADJ	grimm
slender	ADJ	grimm
little	ADJ	grimm
wicked	ADJ	grimm
tender	ADJ	grimm
fat	ADJ	grimm
young	ADJ	grimm
wicked	ADJ	grimm
single	ADJ	grimm
white	ADJ	grimm
red	ADJ	grimm
afraid	ADJ	grimm
handsome	ADJ	grimm
wicked	ADJ	grimm
savage	ADJ	grimm
married	ADJ	grimm
great	ADJ	grimm
old	ADJ	grimm
many	ADJ	grimm
beautiful	ADJ	grimm
white	ADJ	grimm
red	ADJ	grimm
mega	ADJ	xwing
quite	ADJ	xwing
first	ADJ	xwing
first	ADJ	xwing
extreme	ADJ	xwing
annoyed	ADJ	xwing
much	ADJ	xwing
lazy	ADJ	xwing
convincing	ADJ	xwing
next	ADJ	xwing
own	ADJ	xwing
least	ADJ	xwing
fucking	ADJ	xwing
big	ADJ	xwing
fat	ADJ	xwing
innane	ADJ	xwing
more	ADJ	xwing
asleep	ADJ	xwing
fun	ADJ	xwing
good	ADJ	xwing
fucking	ADJ	xwing
least	ADJ	xwing
quick	ADJ	xwing
fucking	ADJ	xwing
lame	ADJ	xwing
quick	ADJ	xwing
personal	ADJ	xwing
first	ADJ	xwing
simple	ADJ	xwing
own	ADJ	xwing
few	ADJ	xwing
first	ADJ	xwing
next	ADJ	xwing
byte	ADJ	xwing
key	ADJ	xwing
enough?no	ADJ	xwing
normal	ADJ	xwing
next	ADJ	xwing
much	ADJ	xwing
fun	ADJ	xwing
simple	ADJ	xwing
current	ADJ	xwing
nifty	ADJ	xwing
many	ADJ	xwing
few	ADJ	xwing
little	ADJ	xwing
few	ADJ	xwing
odd	ADJ	xwing
other	ADJ	xwing
inflight	ADJ	xwing
byte	ADJ	xwing
hyperdrive	ADJ	xwing
normal	ADJ	xwing
key	ADJ	xwing
fucking	ADJ	xwing
many	ADJ	xwing
damn	ADJ	xwing
sure	ADJ	xwing
sure	ADJ	xwing
first	ADJ	xwing
last	ADJ	xwing
quick	ADJ	xwing
new	ADJ	xwing
new	ADJ	xwing
new	ADJ	xwing
new	ADJ	xwing
good	ADJ	xwing
other	ADJ	xwing
new	ADJ	xwing
appropriate	ADJ	xwing
current	ADJ	xwing
neat	ADJ	xwing
little	ADJ	xwing
good	ADJ	xwing
high	ADJ	xwing
blank	ADJ	xwing
stupid	ADJ	xwing
good	ADJ	xwing
other	ADJ	xwing
deep	ADJ	xwing
next	ADJ	xwing
next	ADJ	xwing
only	ADJ	xwing
willing	ADJ	xwing
few	ADJ	xwing
offset	ADJ	xwing
real	ADJ	xwing
most	ADJ	xwing
own	ADJ	xwing
perfect	ADJ	xwing
fancy	ADJ	xwing
fucking	ADJ	xwing
insulting	ADJ	xwing
same	ADJ	xwing
own	ADJ	xwing
long	ADJ	xwing
exact	ADJ	xwing
acurate	ADJ	xwing
many	ADJ	xwing
particular	ADJ	xwing
whole	ADJ	xwing
true	ADJ	xwing
LEAST	ADJ	xwing
normal	ADJ	xwing
least	ADJ	xwing
whole	ADJ	xwing
fucking	ADJ	xwing
sure	ADJ	xwing
last	ADJ	xwing
horrible	ADJ	xwing
piddly	ADJ	xwing
hard	ADJ	xwing
nice	ADJ	xwing
sleepy	ADJ	xwing
least	ADJ	xwing
next	ADJ	xwing
bad	ADJ	xwing
first	ADJ	xwing
smokin	ADJ	xwing
most	ADJ	xwing
little	ADJ	xwing
hard	ADJ	xwing
most	ADJ	xwing
fucking	ADJ	xwing
lame	ADJ	xwing
fucking	ADJ	xwing
lame	ADJ	xwing
more	ADJ	xwing
secret	ADJ	xwing
smooth	ADJ	xwing
favorite	ADJ	xwing
bare	ADJ	xwing
minimum	ADJ	xwing
loser	ADJ	xwing
real	ADJ	xwing
brief	ADJ	xwing
mass	ADJ	xwing
normal	ADJ	xwing
fucking	ADJ	xwing
possible	ADJ	xwing
much	ADJ	xwing
sound	ADJ	xwing
new	ADJ	xwing
constant	ADJ	xwing
important	ADJ	xwing
other	ADJ	xwing
sure	ADJ	xwing
loose	ADJ	xwing
reliable	ADJ	xwing
most	ADJ	xwing
sure	ADJ	xwing
fucking	ADJ	xwing
friggin	ADJ	xwing
sorry	ADJ	xwing
g.d.	ADJ	xwing
telepathic	ADJ	xwing
particular	ADJ	xwing
current	ADJ	xwing
other	ADJ	xwing
last	ADJ	xwing
current	ADJ	xwing
normal	ADJ	xwing
small	ADJ	xwing
complete	ADJ	xwing
final	ADJ	xwing
tired	ADJ	xwing
actual	ADJ	xwing
final	ADJ	xwing
fucking	ADJ	xwing
pissed	ADJ	xwing
actaul	ADJ	xwing
near	ADJ	xwing
sick	ADJ	xwing
astrophysical	ADJ	xwing
free	ADJ	xwing
spare	ADJ	xwing
esp	ADJ	xwing
real	ADJ	xwing
shameless	ADJ	xwing
local	ADJ	xwing
other	ADJ	xwing
decent	ADJ	xwing
pointless	ADJ	xwing
different	ADJ	xwing
other	ADJ	xwing
low	ADJ	xwing
old	ADJ	xwing
big	ADJ	xwing
fat	ADJ	xwing
cheesy	ADJ	xwing
next	ADJ	xwing
